n_queries,total_oracle_calls,mean_calls_per_query,total_nli_scores,macro_precision,macro_recall,macro_f1,n_bounded,bound_violations,bound_violations_oracle,macro_recall_oracle,mean_recall_bound,n_precision_bounded,precision_bound_violations,mean_precision_bound,total_latency_s,method,corpus,n_rows,overlap,target_recall,seed,wall_s,mean_selectivity,audit_calls,escalation_calls,candidate_calls
120,960000,8000.0,0,1.0,1.0,1.0,0,0,0,1.0,,0,0,,0.015032207971671596,cold,agnews,8000,0.8,0.9,0,0.05,0.3145833333333333,0,0,960000
120,216000,1800.0,0,1.0,1.0,1.0,0,0,0,1.0,,0,0,,0.004948787944158539,exact,agnews,8000,0.8,0.9,0,0.04,0.3145833333333333,0,0,216000
120,65467,545.5583333333333,702,1.0,1.0,1.0,107,0,0,1.0,0.9304584226060643,107,0,0.9290140186915885,5.721126834047027,semreuse,agnews,8000,0.8,0.9,0,5.76,0.3145833333333333,3467,0,62000
120,32056,267.1333333333333,0,1.0,1.0,1.0,112,0,0,1.0,0.92005065157955,112,0,0.9204508928571427,0.07632253580959514,semreuse-gt,agnews,8000,0.8,0.9,0,0.11,0.3145833333333333,4056,0,28000
120,3600000,30000.0,0,1.0,1.0,1.0,0,0,0,1.0,,0,0,,0.05378237008699216,cold,agnews,30000,0.8,0.9,0,0.16,0.3145833333333333,0,0,3600000
120,810000,6750.0,0,1.0,1.0,1.0,0,0,0,1.0,,0,0,,0.014195259165717289,exact,agnews,30000,0.8,0.9,0,0.12,0.3145833333333333,0,0,810000
120,235967,1966.3916666666667,0,1.0,1.0,1.0,107,0,0,1.0,0.929608060490558,107,0,0.9285595015576324,0.12473046209197491,semreuse,agnews,30000,0.8,0.9,0,0.24,0.3145833333333333,3467,0,232500
120,109056,908.8,0,1.0,1.0,1.0,112,0,0,1.0,0.9191212659193742,112,0,0.9199464285714285,0.15248579304898158,semreuse-gt,agnews,30000,0.8,0.9,0,0.29,0.3145833333333333,4056,0,105000
120,14400000,120000.0,0,1.0,1.0,1.0,0,0,0,1.0,,0,0,,0.26850692176958546,cold,agnews,120000,0.8,0.9,0,0.72,0.3145833333333333,0,0,14400000
120,3240000,27000.0,0,1.0,1.0,1.0,0,0,0,1.0,,0,0,,0.0521078280871734,exact,agnews,120000,0.8,0.9,0,0.46,0.3145833333333333,0,0,3240000
120,933467,7778.891666666666,0,1.0,1.0,1.0,107,0,0,1.0,0.9294301862613028,107,0,0.9283741433021807,0.2721814450924285,semreuse,agnews,120000,0.8,0.9,0,0.69,0.3145833333333333,3467,0,930000
120,424056,3533.8,0,1.0,1.0,1.0,112,0,0,1.0,0.9189237204041,112,0,0.9197491071428571,0.3901680391281843,semreuse-gt,agnews,120000,0.8,0.9,0,0.92,0.3145833333333333,4056,0,420000
