head,relation,tp,fp,fn,precision,recall,f1,corpus,seed
threshold,equiv,74,6,6,0.925,0.925,0.925,20ng-sub4000,0
threshold,forward,7,80,73,0.08045977011494253,0.0875,0.08383233532934131,20ng-sub4000,0
threshold,backward,3,67,77,0.04285714285714286,0.0375,0.04,20ng-sub4000,0
threshold,disjoint,76,64,4,0.5428571428571428,0.95,0.6909090909090908,20ng-sub4000,0
threshold,overlap,7,16,73,0.30434782608695654,0.0875,0.13592233009708735,20ng-sub4000,0
calibrated,equiv,76,7,4,0.9156626506024096,0.95,0.9325153374233127,20ng-sub4000,0
calibrated,forward,70,21,10,0.7692307692307693,0.875,0.8187134502923977,20ng-sub4000,0
calibrated,backward,71,29,9,0.71,0.8875,0.7888888888888889,20ng-sub4000,0
calibrated,disjoint,72,49,8,0.5950413223140496,0.9,0.7164179104477612,20ng-sub4000,0
calibrated,overlap,2,3,78,0.4,0.025,0.04705882352941177,20ng-sub4000,0
