budget,entailment_error,target_recall,alpha,n_bounded,bound_violations,coverage,mean_recall,mean_calls,call_reduction,mean_escalated_queries,corpus,n_rows,n_queries,repeats,seed
adaptive,0.0,0.8,0.05,288,0,1.0,1.0,58538.0,4.099900919061123,0.0,20ng-sub4000,4000,60,5,0
adaptive,0.0,0.9,0.05,288,0,1.0,1.0,72543.8,3.3083461301999617,0.0,20ng-sub4000,4000,60,5,0
adaptive,0.0,0.95,0.05,288,0,1.0,1.0,100555.0,2.3867535179752375,0.0,20ng-sub4000,4000,60,5,0
adaptive,0.1,0.8,0.05,287,0,1.0,1.0,101892.2,2.355430543260426,14.2,20ng-sub4000,4000,60,5,0
adaptive,0.1,0.9,0.05,287,0,1.0,1.0,110234.6,2.177174861613323,14.2,20ng-sub4000,4000,60,5,0
adaptive,0.1,0.95,0.05,287,0,1.0,1.0,126922.2,1.8909221554621651,14.2,20ng-sub4000,4000,60,5,0
adaptive,0.3,0.8,0.05,287,0,1.0,1.0,131436.8,1.8259726347567806,22.0,20ng-sub4000,4000,60,5,0
adaptive,0.3,0.9,0.05,287,0,1.0,1.0,136537.4,1.757760144839436,22.0,20ng-sub4000,4000,60,5,0
adaptive,0.3,0.95,0.05,287,0,1.0,1.0,146724.8,1.6357152982999468,22.0,20ng-sub4000,4000,60,5,0
0.02,0.0,0.8,0.05,288,0,1.0,1.0,174548.0,1.3749799482090885,43.8,20ng-sub4000,4000,60,5,0
0.02,0.0,0.9,0.05,288,0,1.0,1.0,176268.0,1.361563074409422,44.6,20ng-sub4000,4000,60,5,0
0.02,0.0,0.95,0.05,288,0,1.0,1.0,176380.0,1.360698491892505,45.0,20ng-sub4000,4000,60,5,0
0.02,0.1,0.8,0.05,287,0,1.0,1.0,177029.8,1.3557039549273626,43.0,20ng-sub4000,4000,60,5,0
0.02,0.1,0.9,0.05,287,0,1.0,1.0,180942.6,1.326387484207699,44.4,20ng-sub4000,4000,60,5,0
0.02,0.1,0.95,0.05,287,0,1.0,1.0,181132.0,1.3250005520835633,44.8,20ng-sub4000,4000,60,5,0
0.02,0.3,0.8,0.05,287,0,1.0,1.0,179468.0,1.3372857556778925,43.2,20ng-sub4000,4000,60,5,0
0.02,0.3,0.9,0.05,287,0,1.0,1.0,182949.8,1.3118352684725538,44.4,20ng-sub4000,4000,60,5,0
0.02,0.3,0.95,0.05,287,0,1.0,1.0,183180.0,1.3101867016049786,44.8,20ng-sub4000,4000,60,5,0
0.05,0.0,0.8,0.05,288,0,1.0,1.0,148108.4,1.6204347626468183,32.0,20ng-sub4000,4000,60,5,0
0.05,0.0,0.9,0.05,288,0,1.0,1.0,172515.8,1.3911769240846346,43.0,20ng-sub4000,4000,60,5,0
0.05,0.0,0.95,0.05,288,0,1.0,1.0,176426.0,1.3603437135116139,45.0,20ng-sub4000,4000,60,5,0
0.05,0.1,0.8,0.05,287,0,1.0,1.0,151401.2,1.5851921913432654,31.6,20ng-sub4000,4000,60,5,0
0.05,0.1,0.9,0.05,287,0,1.0,1.0,177194.6,1.3544430812225654,42.8,20ng-sub4000,4000,60,5,0
0.05,0.1,0.95,0.05,287,0,1.0,1.0,181142.0,1.3249274050192668,44.8,20ng-sub4000,4000,60,5,0
0.05,0.3,0.8,0.05,287,0,1.0,1.0,158692.0,1.5123635722027575,33.6,20ng-sub4000,4000,60,5,0
0.05,0.3,0.9,0.05,287,0,1.0,1.0,180034.6,1.3330770862934125,43.2,20ng-sub4000,4000,60,5,0
0.05,0.3,0.95,0.05,287,0,1.0,1.0,183186.0,1.3101437882807638,44.8,20ng-sub4000,4000,60,5,0
0.1,0.0,0.8,0.05,288,0,1.0,1.0,70568.0,3.40097494615123,3.2,20ng-sub4000,4000,60,5,0
0.1,0.0,0.9,0.05,288,0,1.0,1.0,153636.8,1.5621257407079554,34.2,20ng-sub4000,4000,60,5,0
0.1,0.0,0.95,0.05,288,0,1.0,1.0,173094.8,1.386523454199664,43.4,20ng-sub4000,4000,60,5,0
0.1,0.1,0.8,0.05,287,0,1.0,1.0,104626.4,2.293876115397261,14.8,20ng-sub4000,4000,60,5,0
0.1,0.1,0.9,0.05,287,0,1.0,1.0,156616.8,1.532402654121397,33.0,20ng-sub4000,4000,60,5,0
0.1,0.1,0.95,0.05,287,0,1.0,1.0,178171.2,1.3470190468493224,43.4,20ng-sub4000,4000,60,5,0
0.1,0.3,0.8,0.05,287,0,1.0,1.0,132341.6,1.813488729167548,22.4,20ng-sub4000,4000,60,5,0
0.1,0.3,0.9,0.05,287,0,1.0,1.0,161038.4,1.4903277727548212,34.0,20ng-sub4000,4000,60,5,0
0.1,0.3,0.95,0.05,287,0,1.0,1.0,180296.0,1.3311443404179792,43.4,20ng-sub4000,4000,60,5,0
0.2,0.0,0.8,0.05,288,0,1.0,1.0,73760.0,3.2537960954446854,0.0,20ng-sub4000,4000,60,5,0
0.2,0.0,0.9,0.05,288,0,1.0,1.0,83147.2,2.886447168395328,3.2,20ng-sub4000,4000,60,5,0
0.2,0.0,0.95,0.05,288,0,1.0,1.0,145359.4,1.651080012713316,29.8,20ng-sub4000,4000,60,5,0
0.2,0.1,0.8,0.05,287,0,1.0,1.0,111872.4,2.145301253928583,14.2,20ng-sub4000,4000,60,5,0
0.2,0.1,0.9,0.05,287,0,1.0,1.0,113665.6,2.111456764403654,14.8,20ng-sub4000,4000,60,5,0
0.2,0.1,0.95,0.05,287,0,1.0,1.0,153349.2,1.565055442089036,30.8,20ng-sub4000,4000,60,5,0
0.2,0.3,0.8,0.05,287,0,1.0,1.0,137346.2,1.747409101962777,22.0,20ng-sub4000,4000,60,5,0
0.2,0.3,0.9,0.05,287,0,1.0,1.0,138082.2,1.7380951346371942,22.4,20ng-sub4000,4000,60,5,0
0.2,0.3,0.95,0.05,287,0,1.0,1.0,163040.4,1.472027791884711,33.8,20ng-sub4000,4000,60,5,0
