n_queries,total_oracle_calls,mean_calls_per_query,total_nli_scores,macro_precision,macro_recall,macro_f1,n_bounded,bound_violations,bound_violations_oracle,macro_recall_oracle,mean_recall_bound,n_precision_bounded,precision_bound_violations,mean_precision_bound,total_latency_s,reasoner,slack_budget,budget_label,corpus,n_rows,oracle,entailment_error,seed,cold_calls,reduction,candidate_calls,audit_calls,escalation_calls,slack_observations,slack_rate,wall_s
47,88538,1883.787234042553,2070,0.9997879409061993,0.9937827352418585,0.9967243659065965,34,0,0,0.9937827352418585,0.9806316025814942,34,0,0.998045729919875,8.258014209073735,nli,-1.0,off,20ng-sub2000,2000,real,0.0,0,94000,1.0617,49743,7999,30796,50,0.597,8.26
47,88355,1879.8936170212767,0,0.9997879409061993,0.9968368476422601,0.9982892652589427,34,0,0,0.9968368476422601,0.9845636328566121,34,0,0.998045729919875,0.041636292997282,nli,1.0,1,20ng-sub2000,2000,real,0.0,0,94000,1.0639,50584,11514,26257,27,0.3602,0.04
47,87718,1866.340425531915,0,0.9997927604310582,0.998098162026954,0.9989296178934599,34,0,0,0.998098162026954,0.9854078061941258,34,0,0.9980901451489688,0.03893983113812283,nli,0.5,0.5,20ng-sub2000,2000,real,0.0,0,94000,1.0716,51706,11958,24054,23,0.3564,0.04
47,87718,1866.340425531915,0,0.9997927604310582,0.998098162026954,0.9989296178934599,34,0,0,0.998098162026954,0.9854078061941258,34,0,0.9980901451489688,0.03471929390798323,nli,0.25,0.25,20ng-sub2000,2000,real,0.0,0,94000,1.0716,51706,11958,24054,23,0.3564,0.04
47,87718,1866.340425531915,0,0.9997927604310582,0.998098162026954,0.9989296178934599,34,0,0,0.998098162026954,0.9854078061941258,34,0,0.9980901451489688,0.03471829299814999,nli,0.1,0.1,20ng-sub2000,2000,real,0.0,0,94000,1.0716,51706,11958,24054,23,0.3564,0.04
47,83818,1783.3617021276596,0,0.999694560445173,0.9972281001635211,0.9984547560338868,31,0,0,0.9972281001635211,0.9438232616085639,31,0,0.9955893538039526,0.053929833869915456,oracle-ent,-1.0,off,20ng-sub2000,2000,real,0.0,0,94000,1.1215,71022,9089,3707,223,0.0033,0.06
47,83818,1783.3617021276596,0,0.999694560445173,0.9972281001635211,0.9984547560338868,31,0,0,0.9972281001635211,0.9438232616085639,31,0,0.9955893538039526,0.06185841799015179,oracle-ent,1.0,1,20ng-sub2000,2000,real,0.0,0,94000,1.1215,71022,9089,3707,223,0.0033,0.06
47,83818,1783.3617021276596,0,0.999694560445173,0.9972281001635211,0.9984547560338868,31,0,0,0.9972281001635211,0.9438232616085639,31,0,0.9955893538039526,0.07213891102583148,oracle-ent,0.5,0.5,20ng-sub2000,2000,real,0.0,0,94000,1.1215,71022,9089,3707,223,0.0033,0.07
47,83434,1775.1914893617022,0,0.9997200365702229,0.9965512057996702,0.9981214718003989,31,0,0,0.9965512057996702,0.9452296602802768,31,0,0.9946096809249453,0.06590133684221655,oracle-ent,0.25,0.25,20ng-sub2000,2000,real,0.0,0,94000,1.1266,71154,9021,3259,221,0.0032,0.07
47,85287,1814.6170212765958,0,0.9996348346789236,0.9970752969919316,0.9983457195566036,31,0,0,0.9970752969919316,0.9485964151587193,31,0,0.9956167616387555,0.04998395894654095,oracle-ent,0.1,0.1,20ng-sub2000,2000,real,0.0,0,94000,1.1022,74610,6898,3779,194,0.0052,0.05
