source_pid,kind,confidence,pruned_fraction,slack,weight,found_positives
b5c8566afa3f,pruned-superset,0.9273396730422974,0.8595,0.017793594306049824,1719.0,112
3a092e254ed5,pruned-superset,0.86900395154953,0.005,0.03558718861209965,1.0,112
b3e1444e4430,pruned-superset,0.90629643201828,0.952,0.25,1904.0,112
de96111356d8,pruned-superset,0.8668716549873352,0.026,0.39285714285714285,52.0,112
15db4c85649e,pruned-superset,0.833717405796051,0.019,0.32142857142857145,38.0,112
3a092e254ed5,pruned-superset,0.8068304657936096,0.002,0.026785714285714284,4.0,112
5f07b2617680,pruned-superset,0.8544747829437256,0.8495,0.5938375350140056,1699.0,357
b5c8566afa3f,pruned-superset,0.8394951224327087,0.0375,0.06722689075630252,75.0,357
15db4c85649e,pruned-superset,0.8341354131698608,0.0865,0.2661064425770308,173.0,357
762a53ba2671,pruned-superset,0.8155940175056458,0.0105,0.03081232492997199,21.0,357
b3e1444e4430,pruned-superset,0.8237842321395874,0.869,0.0,818.0,88
b3e1444e4430,pruned-superset,0.8009067177772522,0.952,0.9818181818181818,1904.0,55
9fe11b412c5c,pruned-superset,0.9325563311576843,0.917,0.13043478260869565,1834.0,184
359fd80c762a,pruned-superset,0.9321848154067993,0.039,0.33152173913043476,78.0,184
ae7a95e20372,pruned-superset,0.9309177398681641,0.0125,0.1358695652173913,16.0,184
de96111356d8,pruned-superset,0.8407339453697205,0.758,0.11037334731201584,1164.0,59
15db4c85649e,pruned-superset,0.9322426915168762,0.9705,0.9527027027027027,1941.0,740
3a092e254ed5,pruned-superset,0.9320416450500488,0.003,0.0,6.0,740
588963c0fbfa,pruned-superset,0.929790198802948,0.0265,0.0472972972972973,53.0,740
b173958b1adc,pruned-superset,0.9077478647232056,0.9305,0.9450261780104712,1861.0,1528
75175cbc9caf,pruned-superset,0.8683154582977295,0.068,0.05301047120418848,136.0,1528
762a53ba2671,pruned-superset,0.8189753293991089,0.0015,0.001963350785340314,3.0,1528
75175cbc9caf,pruned-superset,0.9263243675231934,0.9725,0.9580786026200874,1945.0,1145
762a53ba2671,pruned-superset,0.911890983581543,0.0275,0.04192139737991266,55.0,1145
065c52e2bfe2,pruned-superset,0.9251657128334045,0.265,0.01953125,530.0,256
5f07b2617680,pruned-superset,0.8352291584014893,0.009,0.0234375,3.0,256
15db4c85649e,pruned-superset,0.9273721575737,0.1975,0.07142857142857142,395.0,196
bd7f6d85d78c,pruned-superset,0.8085736632347107,0.198,0.0,269.0,72
15db4c85649e,pruned-superset,0.8402119278907776,0.1975,0.09491541714725106,289.0,72
6d70d9a9abf0,pruned-superset,0.915607750415802,0.964,0.856,1928.0,375
4300bba63c3b,pruned-superset,0.9063905477523804,0.0015,0.0026666666666666666,3.0,375
cea5a8a2bf1c,pruned-superset,0.8836573958396912,0.0335,0.136,67.0,375
de96111356d8,pruned-superset,0.9290750026702881,0.976,0.6746987951807228,1952.0,83
cea5a8a2bf1c,pruned-superset,0.9278756380081177,0.024,0.3253012048192771,48.0,83
de96111356d8,pruned-superset,0.924518883228302,0.4155,0.0,479.0,93
b3e1444e4430,pruned-superset,0.8690019845962524,0.0005,0.0,1.0,93
b173958b1adc,pruned-superset,0.8312880396842957,0.5185,0.020225464190981434,377.0,136
b3e1444e4430,pruned-superset,0.8353562355041504,0.3905,0.05405405405405406,781.0,37
762a53ba2671,pruned-superset,0.827019214630127,0.003,0.0,6.0,37
4cc7b480e734,pruned-superset,0.824775218963623,0.0005,0.0,1.0,37
a75207f681ee,pruned-superset,0.9096837043762207,0.444,0.0039011703511053317,888.0,769
588963c0fbfa,pruned-superset,0.9070980548858643,0.486,0.8803641092327699,972.0,769
db2815470550,pruned-superset,0.8128724694252014,0.044,0.06892067620286085,88.0,769
6d70d9a9abf0,pruned-superset,0.9313504099845886,0.525,0.011363636363636364,1050.0,176
de96111356d8,pruned-superset,0.9274965524673462,0.9365,0.018369228355105724,1172.0,87
b3e1444e4430,pruned-superset,0.8495575189590454,0.0015,0.0,1.0,87
15db4c85649e,pruned-superset,0.9319104552268982,0.618,0.08955223880597014,1236.0,335
5f07b2617680,pruned-superset,0.9315057396888733,0.003,0.01791044776119403,2.0,335
4300bba63c3b,pruned-superset,0.9012625217437744,0.008,0.04776119402985075,3.0,335
cea5a8a2bf1c,pruned-superset,0.8724910616874695,0.001,0.005970149253731343,1.0,335
