setting,label,n_rows,reasoner,design,target_recall,alpha,cold_calls,calls,reduction,candidate_calls,audit_calls,escalation_calls,n_rewritten,audit_per_rewritten,n_recall_certs,recall_violations,n_precision_certs,precision_violations,mean_recall_bound,mean_precision_bound,macro_precision,macro_recall,min_precision,wall_s,seed
real,real-qwen2.5-N2000,2000,nli,shipped,0.9,0.05,94000,88299,1.0645647176072208,45685,8707,33907,34,256.0882352941176,34,0,34,0,0.9861456214142043,0.9977941176470587,0.9993351063829787,0.997802488129537,0.96875,84.4,0
real,real-qwen2.5-N2000,2000,nli,separate,0.9,0.05,94000,87210,1.0778580438023162,45685,7474,34051,34,219.8235294117647,34,0,34,0,0.9835443444742829,0.9977941176470587,0.9993351063829787,0.9991315675206253,0.96875,0.0,0
real,real-qwen2.5-N2000,2000,nli,separate-prop,0.9,0.05,94000,87210,1.0778580438023162,45685,7474,34051,34,219.8235294117647,34,0,34,0,0.9835443444742829,0.9977941176470587,0.9993351063829787,0.9991315675206253,0.96875,0.0,0
real,real-qwen2.5-N2000,2000,nli,fixed-100,0.9,0.05,94000,91917,1.0226617491867662,45741,3600,42576,34,105.88235294117646,34,0,34,0,0.9938743222199877,0.9996155324875048,1.0,0.9969486427293931,1.0,0.0,0
real,real-qwen2.5-N2000,2000,nli,fixed-400,0.9,0.05,94000,90631,1.03717271132394,45731,13200,31700,34,388.2352941176471,34,0,34,0,0.9866317157753187,1.0,1.0,0.9954756946005185,1.0,0.0,0
real,real-qwen2.5-N2000,2000,nli,fixed-1600,0.9,0.05,94000,90985,1.033137330329175,45682,25600,19703,34,752.9411764705883,34,0,34,0,0.9842745439737122,1.0,1.0,0.9948996738801187,1.0,0.1,0
real,real-qwen2.5-N2000,2000,nli,frac-0.02,0.9,0.05,94000,91912,1.0227173818435025,45745,1186,44981,34,34.88235294117647,34,0,34,0,0.9936388561876489,0.9990808823529411,1.0,0.997091184717268,1.0,0.1,0
real,real-qwen2.5-N2000,2000,nli,frac-0.05,0.9,0.05,94000,91885,1.0230179028132993,45730,2480,43675,34,72.94117647058823,34,0,34,0,0.9910456861755104,0.9993160054719562,0.9998350651492661,0.9958191876848599,0.9922480620155039,0.1,0
real,real-qwen2.5-N2000,2000,nli,frac-0.10,0.9,0.05,94000,91921,1.0226172474189794,45736,4752,41433,34,139.76470588235293,34,0,34,0,0.994708950638685,0.9990808823529411,1.0,0.997608886105338,1.0,0.1,0
real,real-qwen2.5-N2000,2000,nli,recall-only,0.9,0.05,94000,80888,1.1621006824250817,45851,7311,27726,34,215.02941176470588,34,0,0,0,0.9849507512170208,,0.8028079851320481,0.9984439992035845,0.030848329048843187,0.1,0
real,real-qwen2.5-N2000,2000,nli,recall-trust,0.9,0.05,94000,80873,1.1623162242033807,45838,6195,28840,34,182.2058823529412,34,0,0,0,0.9867737248432117,,0.7710755240390977,0.9979084461296897,0.029079159935379646,0.0,0
real,real-qwen2.5-N2000,2000,gt,shipped,0.9,0.05,94000,84547,1.1118076336239016,66491,9831,8225,38,258.7105263157895,38,0,38,0,0.9571216421582418,1.0,1.0,0.9973261025455457,1.0,0.1,0
real,real-qwen2.5-N2000,2000,gt,separate,0.9,0.05,94000,87648,1.0724717050018255,66475,5417,15756,38,142.55263157894737,38,0,38,0,0.985642627443454,1.0,1.0,0.9995136611541043,1.0,0.1,0
real,real-qwen2.5-N2000,2000,gt,separate-prop,0.9,0.05,94000,86660,1.0846988229863836,66501,6803,13356,38,179.02631578947367,38,0,38,0,0.975677740489574,1.0,1.0,0.9987593104397344,1.0,0.2,0
real,real-qwen2.5-N2000,2000,gt,fixed-100,0.9,0.05,94000,90133,1.0429032651747971,66488,3600,20045,38,94.73684210526316,38,0,38,0,0.9681478896846872,1.0,1.0,0.9985571835651893,1.0,0.2,0
real,real-qwen2.5-N2000,2000,gt,fixed-400,0.9,0.05,94000,87894,1.0694700434614421,66476,9200,12218,38,242.10526315789474,38,0,38,0,0.9734948525478293,1.0,1.0,0.9986849892181663,1.0,0.0,0
real,real-qwen2.5-N2000,2000,gt,fixed-1600,0.9,0.05,94000,90821,1.0350029178273747,66485,8000,16336,38,210.52631578947367,38,0,38,0,0.9964601188285399,1.0,1.0,0.9996916435399322,1.0,0.0,0
real,real-qwen2.5-N2000,2000,gt,frac-0.02,0.9,0.05,94000,91622,1.025954465084805,66483,890,24249,38,23.42105263157895,38,0,38,0,0.9687819126322972,0.9996790757381258,1.0,0.9990985438579274,1.0,0.5,0
real,real-qwen2.5-N2000,2000,gt,frac-0.05,0.9,0.05,94000,91581,1.0264137757831864,66483,1418,23680,38,37.31578947368421,38,0,38,0,0.9677722411140758,0.9996790757381258,1.0,0.9990985438579274,1.0,0.4,0
real,real-qwen2.5-N2000,2000,gt,frac-0.10,0.9,0.05,94000,91358,1.0289191970051883,66483,2615,22260,38,68.8157894736842,38,0,38,0,0.9676332703246467,0.9996790757381258,1.0,0.9989592535420865,1.0,0.1,0
real,real-qwen2.5-N2000,2000,gt,recall-only,0.9,0.05,94000,84547,1.1118076336239016,66491,9831,8225,38,258.7105263157895,38,0,0,0,0.9571216421582418,,1.0,0.9973261025455457,1.0,0.4,0
real,real-qwen2.5-N2000,2000,gt,recall-trust,0.9,0.05,94000,84966,1.1063248828943342,66491,10211,8264,38,268.7105263157895,38,0,0,0,0.9603110899483959,,1.0,0.9973538952589548,1.0,0.1,0
