M,m,delta,max_noncoverage_upper,max_noncoverage_lower
500,30,0.01,0.009972824829122501,0.009972824829122501
500,30,0.05,0.04993206032400369,0.04993206032400369
500,30,0.1,0.09996622457780993,0.09996622457780995
500,100,0.01,0.009984728853345528,0.009984728853345531
500,100,0.05,0.049859395716739516,0.049859395716739516
500,100,0.1,0.09986832877271765,0.09986832877271767
2000,50,0.01,0.009999671698440935,0.009999671698440935
2000,50,0.05,0.04998734629216103,0.049987346292161026
2000,50,0.1,0.09996803800082432,0.09996803800082431
2000,400,0.01,0.009998207825359852,0.009998207825359852
2000,400,0.05,0.04999862925322696,0.04999862925322696
2000,400,0.1,0.09996822882113073,0.09996822882113074
14500,400,0.01,0.009999844189578328,0.00999984418957833
14500,400,0.05,0.049995859664019295,0.0499958596640193
14500,400,0.1,0.09999808211018013,0.09999808211018014
14500,2000,0.01,0.009999998135860128,0.009999998135860128
14500,2000,0.05,0.04999987423148823,0.049999874231488224
14500,2000,0.1,0.09999971655812848,0.09999971655812848
