model,n_rows,a,b,kind,n_a,n_b,slack,slack_reverse,jaccard
llama8b,500,A2,A1,specialisation,56,63,0.07142857142857142,0.1746031746031746,0.7761194029850746
llama8b,500,A3,A1,paraphrase,76,63,0.17105263157894737,0.0,0.8289473684210527
llama8b,500,A4,A1,specialisation,13,63,0.07692307692307693,0.8095238095238095,0.1875
llama8b,500,H1,A1,exact repeat,63,63,0.0,0.0,1.0
llama8b,500,H10,A1,specialisation,87,63,0.3103448275862069,0.047619047619047616,0.6666666666666666
llama8b,500,B2,B1,specialisation,15,29,0.0,0.4827586206896552,0.5172413793103449
llama8b,500,B1,B4,specialisation,29,32,0.13793103448275862,0.21875,0.6944444444444444
llama8b,500,H2,B1,paraphrase,28,29,0.03571428571428571,0.06896551724137931,0.9
llama8b,500,H8,B1,paraphrase,26,29,0.038461538461538464,0.13793103448275862,0.8333333333333334
llama8b,500,C2,C1,specialisation,21,40,0.047619047619047616,0.5,0.4878048780487805
llama8b,500,C1,C5,specialisation,40,45,0.0,0.1111111111111111,0.8888888888888888
llama8b,500,D2,D1,specialisation,15,74,0.26666666666666666,0.8513513513513513,0.14102564102564102
llama8b,500,D4,D3,specialisation,56,41,0.2857142857142857,0.024390243902439025,0.7017543859649122
llama8b,500,F2,F1,specialisation,13,26,0.23076923076923078,0.6153846153846154,0.3448275862068966
llama8b,500,F1,F6,specialisation,26,60,0.4230769230769231,0.75,0.2112676056338028
llama8b,500,F3,F6,specialisation,23,60,0.391304347826087,0.7666666666666667,0.2028985507246377
llama8b,500,F4,F5,specialisation,19,27,0.0,0.2962962962962963,0.7037037037037037
llama8b,500,H9,F4,paraphrase,15,19,0.0,0.21052631578947367,0.7894736842105263
llama8b,500,G2,G1,specialisation,20,44,0.05,0.5681818181818182,0.4222222222222222
llama8b,500,G3,G1,specialisation,18,44,0.3888888888888889,0.75,0.21568627450980393
llama8b,500,H7,G1,paraphrase,35,44,0.2571428571428571,0.4090909090909091,0.49056603773584906
llama8b,500,H4,H3,paraphrase,32,34,0.03125,0.08823529411764706,0.8857142857142857
llama8b,500,H5,H3,specialisation,8,34,0.25,0.8235294117647058,0.16666666666666666
llama8b,500,H6,E1,paraphrase,202,283,0.0049504950495049506,0.28975265017667845,0.7077464788732394
llama8b,2000,A2,A1,specialisation,235,271,0.0425531914893617,0.16974169741697417,0.800711743772242
llama8b,2000,A3,A1,paraphrase,305,271,0.13114754098360656,0.02214022140221402,0.8520900321543409
llama8b,2000,A4,A1,specialisation,59,271,0.1016949152542373,0.8044280442804428,0.19133574007220217
llama8b,2000,H1,A1,exact repeat,271,271,0.0,0.0,1.0
llama8b,2000,H10,A1,specialisation,352,271,0.2556818181818182,0.033210332103321034,0.7257617728531855
llama8b,2000,B2,B1,specialisation,48,96,0.08333333333333333,0.5416666666666666,0.44
llama8b,2000,B1,B4,specialisation,96,112,0.125,0.25,0.6774193548387096
llama8b,2000,H2,B1,paraphrase,93,96,0.053763440860215055,0.08333333333333333,0.8712871287128713
llama8b,2000,H8,B1,paraphrase,87,96,0.022988505747126436,0.11458333333333333,0.8673469387755102
llama8b,2000,C2,C1,specialisation,90,166,0.022222222222222223,0.46987951807228917,0.5238095238095238
llama8b,2000,C1,C5,specialisation,166,193,0.006024096385542169,0.14507772020725387,0.8505154639175257
llama8b,2000,D2,D1,specialisation,48,297,0.20833333333333334,0.8720538720538721,0.1237785016286645
llama8b,2000,D4,D3,specialisation,218,145,0.3440366972477064,0.013793103448275862,0.65
llama8b,2000,F2,F1,specialisation,49,100,0.10204081632653061,0.56,0.41904761904761906
llama8b,2000,F1,F6,specialisation,100,262,0.34,0.7480916030534351,0.22297297297297297
llama8b,2000,F3,F6,specialisation,73,262,0.3698630136986301,0.8244274809160306,0.15916955017301038
llama8b,2000,F4,F5,specialisation,62,98,0.03225806451612903,0.3877551020408163,0.6
llama8b,2000,H9,F4,paraphrase,46,62,0.021739130434782608,0.27419354838709675,0.7142857142857143
llama8b,2000,G2,G1,specialisation,73,196,0.0547945205479452,0.6479591836734694,0.345
llama8b,2000,G3,G1,specialisation,76,196,0.32894736842105265,0.7397959183673469,0.23076923076923078
llama8b,2000,H7,G1,paraphrase,176,196,0.2556818181818182,0.33163265306122447,0.5435684647302904
llama8b,2000,H4,H3,paraphrase,138,155,0.036231884057971016,0.14193548387096774,0.83125
llama8b,2000,H5,H3,specialisation,37,155,0.13513513513513514,0.7935483870967742,0.2
llama8b,2000,H6,E1,paraphrase,769,1112,0.0039011703511053317,0.31115107913669066,0.6869955156950672
qwen14b,500,A2,A1,specialisation,25,33,0.04,0.2727272727272727,0.7058823529411765
qwen14b,500,A3,A1,paraphrase,35,33,0.11428571428571428,0.06060606060606061,0.8378378378378378
qwen14b,500,A4,A1,specialisation,7,33,0.2857142857142857,0.8484848484848485,0.14285714285714285
qwen14b,500,H1,A1,exact repeat,33,33,0.0,0.0,1.0
qwen14b,500,H10,A1,specialisation,35,33,0.14285714285714285,0.09090909090909091,0.7894736842105263
qwen14b,500,B2,B1,specialisation,7,22,0.14285714285714285,0.7272727272727273,0.2608695652173913
qwen14b,500,B1,B4,specialisation,22,25,0.045454545454545456,0.16,0.8076923076923077
qwen14b,500,H2,B1,paraphrase,25,22,0.12,0.0,0.88
qwen14b,500,H8,B1,paraphrase,21,22,0.047619047619047616,0.09090909090909091,0.8695652173913043
qwen14b,500,C2,C1,specialisation,17,34,0.058823529411764705,0.5294117647058824,0.45714285714285713
qwen14b,500,C1,C5,specialisation,34,46,0.0,0.2608695652173913,0.7391304347826086
qwen14b,500,D2,D1,specialisation,11,48,0.2727272727272727,0.8333333333333334,0.1568627450980392
qwen14b,500,D4,D3,specialisation,53,26,0.5094339622641509,0.0,0.49056603773584906
qwen14b,500,F2,F1,specialisation,8,26,0.0,0.6923076923076923,0.3076923076923077
qwen14b,500,F1,F6,specialisation,26,38,0.6923076923076923,0.7894736842105263,0.14285714285714285
qwen14b,500,F3,F6,specialisation,20,38,0.55,0.7631578947368421,0.1836734693877551
qwen14b,500,F4,F5,specialisation,18,14,0.2222222222222222,0.0,0.7777777777777778
qwen14b,500,H9,F4,paraphrase,15,18,0.0,0.16666666666666666,0.8333333333333334
qwen14b,500,G2,G1,specialisation,18,39,0.0,0.5384615384615384,0.46153846153846156
qwen14b,500,G3,G1,specialisation,20,39,0.65,0.8205128205128205,0.1346153846153846
qwen14b,500,H7,G1,paraphrase,27,39,0.2222222222222222,0.46153846153846156,0.4666666666666667
qwen14b,500,H4,H3,paraphrase,31,35,0.0,0.11428571428571428,0.8857142857142857
qwen14b,500,H5,H3,specialisation,1,35,0.0,0.9714285714285714,0.02857142857142857
qwen14b,500,H6,E1,paraphrase,70,141,0.0,0.5035460992907801,0.49645390070921985
qwen14b,2000,A2,A1,specialisation,111,149,0.04504504504504504,0.28859060402684567,0.6883116883116883
qwen14b,2000,A3,A1,paraphrase,155,149,0.12258064516129032,0.087248322147651,0.8095238095238095
qwen14b,2000,A4,A1,specialisation,32,149,0.125,0.8120805369127517,0.1830065359477124
qwen14b,2000,H1,A1,exact repeat,149,149,0.0,0.0,1.0
qwen14b,2000,H10,A1,specialisation,159,149,0.1761006289308176,0.12080536912751678,0.7401129943502824
qwen14b,2000,B2,B1,specialisation,22,80,0.045454545454545456,0.7375,0.25925925925925924
qwen14b,2000,B1,B4,specialisation,80,87,0.05,0.12643678160919541,0.8351648351648352
qwen14b,2000,H2,B1,paraphrase,82,80,0.04878048780487805,0.025,0.9285714285714286
qwen14b,2000,H8,B1,paraphrase,76,80,0.013157894736842105,0.0625,0.9259259259259259
qwen14b,2000,C2,C1,specialisation,69,143,0.014492753623188406,0.5244755244755245,0.4722222222222222
qwen14b,2000,C1,C5,specialisation,143,188,0.02097902097902098,0.2553191489361702,0.7329842931937173
qwen14b,2000,D2,D1,specialisation,34,200,0.20588235294117646,0.865,0.13043478260869565
qwen14b,2000,D4,D3,specialisation,205,92,0.5658536585365853,0.03260869565217391,0.42788461538461536
qwen14b,2000,F2,F1,specialisation,36,99,0.027777777777777776,0.6464646464646465,0.35
qwen14b,2000,F1,F6,specialisation,99,175,0.6161616161616161,0.7828571428571428,0.16101694915254236
qwen14b,2000,F3,F6,specialisation,64,175,0.453125,0.8,0.1715686274509804
qwen14b,2000,F4,F5,specialisation,55,48,0.2545454545454545,0.14583333333333334,0.6612903225806451
qwen14b,2000,H9,F4,paraphrase,38,55,0.0,0.3090909090909091,0.6909090909090909
qwen14b,2000,G2,G1,specialisation,72,175,0.027777777777777776,0.6,0.3954802259887006
qwen14b,2000,G3,G1,specialisation,78,175,0.5512820512820513,0.8,0.16055045871559634
qwen14b,2000,H7,G1,paraphrase,119,175,0.16806722689075632,0.4342857142857143,0.5076923076923077
qwen14b,2000,H4,H3,paraphrase,128,152,0.015625,0.17105263157894737,0.8181818181818182
qwen14b,2000,H5,H3,specialisation,8,152,0.125,0.9539473684210527,0.0457516339869281
qwen14b,2000,H6,E1,paraphrase,290,552,0.0034482758620689655,0.47644927536231885,0.5226039783001808
mistral24b,500,A2,A1,specialisation,34,47,0.0,0.2765957446808511,0.723404255319149
mistral24b,500,A3,A1,paraphrase,34,47,0.029411764705882353,0.2978723404255319,0.6875
mistral24b,500,A4,A1,specialisation,5,47,0.0,0.8936170212765957,0.10638297872340426
mistral24b,500,H1,A1,exact repeat,47,47,0.0,0.0,1.0
mistral24b,500,H10,A1,specialisation,41,47,0.17073170731707318,0.2765957446808511,0.6296296296296297
mistral24b,500,B2,B1,specialisation,9,22,0.0,0.5909090909090909,0.4090909090909091
mistral24b,500,B1,B4,specialisation,22,26,0.0,0.15384615384615385,0.8461538461538461
mistral24b,500,H2,B1,paraphrase,24,22,0.08333333333333333,0.0,0.9166666666666666
mistral24b,500,H8,B1,paraphrase,22,22,0.0,0.0,1.0
mistral24b,500,C2,C1,specialisation,17,34,0.0,0.5,0.5
mistral24b,500,C1,C5,specialisation,34,42,0.0,0.19047619047619047,0.8095238095238095
mistral24b,500,D2,D1,specialisation,9,46,0.1111111111111111,0.8260869565217391,0.1702127659574468
mistral24b,500,D4,D3,specialisation,48,26,0.5,0.07692307692307693,0.48
mistral24b,500,F2,F1,specialisation,10,27,0.0,0.6296296296296297,0.37037037037037035
mistral24b,500,F1,F6,specialisation,27,38,0.7777777777777778,0.8421052631578947,0.1016949152542373
mistral24b,500,F3,F6,specialisation,20,38,0.35,0.6578947368421053,0.28888888888888886
mistral24b,500,F4,F5,specialisation,18,15,0.16666666666666666,0.0,0.8333333333333334
mistral24b,500,H9,F4,paraphrase,15,18,0.0,0.16666666666666666,0.8333333333333334
mistral24b,500,G2,G1,specialisation,18,37,0.0,0.5135135135135135,0.4864864864864865
mistral24b,500,G3,G1,specialisation,19,37,0.6842105263157895,0.8378378378378378,0.12
mistral24b,500,H7,G1,paraphrase,23,37,0.13043478260869565,0.4594594594594595,0.5
mistral24b,500,H4,H3,paraphrase,32,33,0.03125,0.06060606060606061,0.9117647058823529
mistral24b,500,H5,H3,specialisation,2,33,0.0,0.9393939393939394,0.06060606060606061
mistral24b,500,H6,E1,paraphrase,57,86,0.017543859649122806,0.3488372093023256,0.6436781609195402
mistral24b,2000,A2,A1,specialisation,147,188,0.02040816326530612,0.23404255319148937,0.7539267015706806
mistral24b,2000,A3,A1,paraphrase,155,188,0.04516129032258064,0.2127659574468085,0.7589743589743589
mistral24b,2000,A4,A1,specialisation,33,188,0.12121212121212122,0.8457446808510638,0.15104166666666666
mistral24b,2000,H1,A1,exact repeat,188,188,0.0,0.0,1.0
mistral24b,2000,H10,A1,specialisation,181,188,0.17679558011049723,0.2074468085106383,0.6772727272727272
mistral24b,2000,B2,B1,specialisation,29,78,0.034482758620689655,0.6410256410256411,0.35443037974683544
mistral24b,2000,B1,B4,specialisation,78,94,0.0641025641025641,0.22340425531914893,0.7373737373737373
mistral24b,2000,H2,B1,paraphrase,84,78,0.09523809523809523,0.02564102564102564,0.8837209302325582
mistral24b,2000,H8,B1,paraphrase,74,78,0.0,0.05128205128205128,0.9487179487179487
mistral24b,2000,C2,C1,specialisation,66,134,0.015151515151515152,0.5149253731343284,0.48148148148148145
mistral24b,2000,C1,C5,specialisation,134,178,0.014925373134328358,0.25842696629213485,0.7333333333333333
mistral24b,2000,D2,D1,specialisation,30,193,0.16666666666666666,0.8704663212435233,0.12626262626262627
mistral24b,2000,D4,D3,specialisation,181,97,0.5303867403314917,0.12371134020618557,0.44041450777202074
mistral24b,2000,F2,F1,specialisation,40,100,0.0,0.6,0.4
mistral24b,2000,F1,F6,specialisation,100,154,0.66,0.7792207792207793,0.15454545454545454
mistral24b,2000,F3,F6,specialisation,62,154,0.41935483870967744,0.7662337662337663,0.2
mistral24b,2000,F4,F5,specialisation,56,49,0.25,0.14285714285714285,0.6666666666666666
mistral24b,2000,H9,F4,paraphrase,36,56,0.0,0.35714285714285715,0.6428571428571429
mistral24b,2000,G2,G1,specialisation,71,173,0.028169014084507043,0.6011560693641619,0.3942857142857143
mistral24b,2000,G3,G1,specialisation,75,173,0.5733333333333334,0.815028901734104,0.14814814814814814
mistral24b,2000,H7,G1,paraphrase,101,173,0.10891089108910891,0.4797687861271676,0.4891304347826087
mistral24b,2000,H4,H3,paraphrase,143,144,0.04195804195804196,0.04861111111111111,0.9133333333333333
mistral24b,2000,H5,H3,specialisation,11,144,0.09090909090909091,0.9305555555555556,0.06896551724137931
mistral24b,2000,H6,E1,paraphrase,266,386,0.0037593984962406013,0.3134715025906736,0.6847545219638242
gemma27b,500,A2,A1,specialisation,74,104,0.013513513513513514,0.2980769230769231,0.6952380952380952
gemma27b,500,A3,A1,paraphrase,100,104,0.07,0.10576923076923077,0.8378378378378378
gemma27b,500,A4,A1,specialisation,22,104,0.0,0.7884615384615384,0.21153846153846154
gemma27b,500,H1,A1,exact repeat,104,104,0.0,0.0,1.0
gemma27b,500,H10,A1,specialisation,107,104,0.14018691588785046,0.11538461538461539,0.773109243697479
gemma27b,500,B2,B1,specialisation,15,28,0.0,0.4642857142857143,0.5357142857142857
gemma27b,500,B1,B4,specialisation,28,35,0.10714285714285714,0.2857142857142857,0.6578947368421053
gemma27b,500,H2,B1,paraphrase,34,28,0.20588235294117646,0.03571428571428571,0.7714285714285715
gemma27b,500,H8,B1,paraphrase,25,28,0.04,0.14285714285714285,0.8275862068965517
gemma27b,500,C2,C1,specialisation,21,44,0.0,0.5227272727272727,0.4772727272727273
gemma27b,500,C1,C5,specialisation,44,54,0.022727272727272728,0.2037037037037037,0.7818181818181819
gemma27b,500,D2,D1,specialisation,19,100,0.21052631578947367,0.85,0.14423076923076922
gemma27b,500,D4,D3,specialisation,68,61,0.1323529411764706,0.03278688524590164,0.8428571428571429
gemma27b,500,F2,F1,specialisation,19,49,0.0,0.6122448979591837,0.3877551020408163
gemma27b,500,F1,F6,specialisation,49,153,0.3877551020408163,0.803921568627451,0.1744186046511628
gemma27b,500,F3,F6,specialisation,28,153,0.07142857142857142,0.8300653594771242,0.16774193548387098
gemma27b,500,F4,F5,specialisation,21,26,0.09523809523809523,0.2692307692307692,0.6785714285714286
gemma27b,500,H9,F4,paraphrase,19,21,0.0,0.09523809523809523,0.9047619047619048
gemma27b,500,G2,G1,specialisation,24,49,0.08333333333333333,0.5510204081632653,0.43137254901960786
gemma27b,500,G3,G1,specialisation,22,49,0.45454545454545453,0.7551020408163265,0.2033898305084746
gemma27b,500,H7,G1,paraphrase,61,49,0.3442622950819672,0.1836734693877551,0.5714285714285714
gemma27b,500,H4,H3,paraphrase,38,47,0.0,0.19148936170212766,0.8085106382978723
gemma27b,500,H5,H3,specialisation,9,47,0.1111111111111111,0.8297872340425532,0.16666666666666666
gemma27b,500,H6,E1,paraphrase,146,208,0.0136986301369863,0.3076923076923077,0.6857142857142857
