rep,query_index,evaluated_all,recall_bound,precision_bound,recall_same,precision_same,recall_shortfall_tuples,precision_shortfall_tuples,lotus_vs_lotus_flips,recall_bound_exact,precision_bound_exact,rviol_same,pviol_same,recall_other,precision_other,rviol_other,pviol_other,rviol_both,pviol_both
0,0,True,,,1.0,1.0,0,0,0,False,False,False,False,1.0,1.0,False,False,False,False
0,1,True,1.0,1.0,1.0,1.0,0,0,0,True,True,False,False,1.0,1.0,False,False,False,False
0,2,False,0.9774436090225564,0.896551724137931,0.993006993006993,0.9793103448275862,0,0,0,False,False,False,False,0.993006993006993,0.9793103448275862,False,False,False,False
0,3,True,1.0,1.0,1.0,0.975,0,1,0,True,True,False,True,1.0,0.975,False,True,False,True
0,4,True,1.0,1.0,1.0,1.0,0,0,0,True,True,False,False,1.0,1.0,False,False,False,False
0,5,False,0.9242424242424242,1.0,0.9384615384615385,1.0,0,0,0,False,True,False,False,0.9384615384615385,1.0,False,False,False,False
0,6,True,1.0,1.0,1.0,0.9803921568627451,0,1,0,True,True,False,True,1.0,0.9803921568627451,False,True,False,True
0,7,True,1.0,1.0,1.0,1.0,0,0,0,True,True,False,False,1.0,1.0,False,False,False,False
0,8,True,1.0,1.0,1.0,1.0,0,0,0,True,True,False,False,1.0,1.0,False,False,False,False
0,9,True,1.0,1.0,0.9988372093023256,0.9965197215777262,1,3,3,True,True,True,True,1.0,0.9965197215777262,False,True,False,True
0,10,False,0.9342105263157896,1.0,0.9726027397260274,1.0,0,0,0,False,True,False,False,0.9726027397260274,1.0,False,False,False,False
0,11,True,1.0,1.0,1.0,1.0,0,0,0,True,True,False,False,1.0,1.0,False,False,False,False
0,12,True,1.0,1.0,1.0,1.0,0,0,0,True,True,False,False,1.0,1.0,False,False,False,False
0,13,False,0.9264705882352942,1.0,0.984375,1.0,0,0,0,False,True,False,False,0.984375,1.0,False,False,False,False
0,14,False,0.9887640449438202,1.0,0.9887640449438202,1.0,0,0,0,False,True,False,False,0.9887640449438202,1.0,False,False,False,False
0,15,False,0.919831223628692,1.0,0.9646017699115044,1.0,0,0,0,False,True,False,False,0.9646017699115044,1.0,False,False,False,False
0,16,True,1.0,1.0,1.0,1.0,0,0,1,True,True,False,False,1.0,0.9795918367346939,False,True,False,False
0,17,False,0.9438202247191012,1.0,1.0,1.0,0,0,0,False,True,False,False,1.0,1.0,False,False,False,False
0,18,False,0.9037037037037036,1.0,0.9682539682539683,1.0,0,0,0,False,True,False,False,0.9682539682539683,1.0,False,False,False,False
0,19,True,1.0,1.0,1.0,1.0,0,0,0,True,True,False,False,1.0,1.0,False,False,False,False
0,20,False,0.9308176100628932,1.0,0.9865771812080537,0.9932432432432432,0,1,3,False,True,False,True,0.9866666666666667,1.0,False,False,False,False
0,21,True,1.0,1.0,0.9983471074380166,1.0,1,0,0,True,True,True,False,0.9983471074380166,1.0,True,False,True,False
0,22,False,0.9813519813519812,1.0,0.9976303317535545,1.0,0,0,0,False,True,False,False,0.9976303317535545,1.0,False,False,False,False
0,23,False,0.9768421052631578,1.0,0.9840764331210191,0.9989224137931034,0,1,1,False,True,False,True,0.9840933191940615,1.0,False,False,False,False
0,24,False,0.9837962962962964,1.0,0.9953161592505855,1.0,0,0,0,False,True,False,False,0.9953161592505855,1.0,False,False,False,False
0,25,False,0.9792176039119804,1.0,0.9779951100244498,0.9987515605493134,1,1,2,False,True,True,True,0.9792176039119804,1.0,False,False,False,False
0,26,True,1.0,1.0,1.0,1.0,0,0,0,True,True,False,False,1.0,1.0,False,False,False,False
0,27,True,1.0,1.0,1.0,1.0,0,0,0,True,True,False,False,1.0,1.0,False,False,False,False
0,28,True,1.0,1.0,1.0,1.0,0,0,0,True,True,False,False,1.0,1.0,False,False,False,False
0,29,True,1.0,1.0,1.0,1.0,0,0,0,True,True,False,False,1.0,1.0,False,False,False,False
0,30,True,1.0,1.0,1.0,1.0,0,0,1,True,True,False,False,0.9888888888888889,1.0,True,False,False,False
0,31,True,1.0,1.0,0.9912280701754386,0.9912280701754386,1,1,0,True,True,True,True,0.9912280701754386,0.9912280701754386,True,True,True,True
0,32,True,1.0,1.0,1.0,1.0,0,0,0,True,True,False,False,1.0,1.0,False,False,False,False
0,33,True,1.0,1.0,1.0,1.0,0,0,0,True,True,False,False,1.0,1.0,False,False,False,False
0,34,True,1.0,1.0,1.0,1.0,0,0,0,True,True,False,False,1.0,1.0,False,False,False,False
0,35,True,1.0,1.0,0.995,0.9974937343358395,2,1,2,True,True,True,True,0.995,0.9974937343358395,True,True,True,True
0,36,False,0.9759036144578314,1.0,0.9759036144578314,1.0,0,0,0,False,True,False,False,0.9759036144578314,1.0,False,False,False,False
0,37,False,,,1.0,1.0,0,0,0,False,False,False,False,1.0,1.0,False,False,False,False
0,38,True,1.0,1.0,0.98989898989899,1.0,1,0,0,True,True,True,False,0.98989898989899,1.0,True,False,True,False
0,39,True,1.0,1.0,1.0,1.0,0,0,0,True,True,False,False,1.0,1.0,False,False,False,False
0,40,True,1.0,1.0,1.0,1.0,0,0,0,True,True,False,False,1.0,1.0,False,False,False,False
0,41,True,1.0,1.0,1.0,1.0,0,0,0,True,True,False,False,1.0,1.0,False,False,False,False
0,42,False,0.9194029850746268,1.0,0.95625,0.9935064935064936,0,2,2,False,True,False,True,0.953416149068323,0.9967532467532467,False,True,False,True
0,43,False,0.9727272727272728,1.0,1.0,1.0,0,0,0,False,True,False,False,1.0,1.0,False,False,False,False
0,44,False,0.9655172413793104,1.0,1.0,1.0,0,0,0,False,True,False,False,1.0,1.0,False,False,False,False
0,45,True,1.0,1.0,1.0,1.0,0,0,0,True,True,False,False,1.0,1.0,False,False,False,False
0,46,True,1.0,1.0,0.9933774834437086,1.0,1,0,1,True,True,True,False,1.0,1.0,False,False,False,False
1,0,True,,,1.0,1.0,0,0,0,False,False,False,False,1.0,1.0,False,False,False,False
1,1,True,1.0,1.0,1.0,1.0,0,0,0,True,True,False,False,1.0,1.0,False,False,False,False
1,2,False,0.9774436090225564,0.896551724137931,0.993006993006993,0.9793103448275862,0,0,0,False,False,False,False,0.993006993006993,0.9793103448275862,False,False,False,False
1,3,True,1.0,1.0,1.0,0.9512195121951219,0,2,0,True,True,False,True,1.0,0.9512195121951219,False,True,False,True
1,4,True,1.0,1.0,1.0,1.0,0,0,0,True,True,False,False,1.0,1.0,False,False,False,False
1,5,False,0.9242424242424242,1.0,0.9384615384615385,1.0,0,0,0,False,True,False,False,0.9384615384615385,1.0,False,False,False,False
1,6,True,1.0,1.0,1.0,1.0,0,0,0,True,True,False,False,1.0,1.0,False,False,False,False
1,7,True,1.0,1.0,1.0,1.0,0,0,0,True,True,False,False,1.0,1.0,False,False,False,False
1,8,True,1.0,1.0,1.0,1.0,0,0,0,True,True,False,False,1.0,1.0,False,False,False,False
1,9,True,1.0,1.0,0.9988358556461001,0.9988358556461001,1,1,3,True,True,True,True,0.9976744186046511,0.9988358556461001,True,True,True,True
1,10,False,0.9333333333333332,1.0,0.958904109589041,1.0,0,0,0,False,True,False,False,0.958904109589041,1.0,False,False,False,False
1,11,True,1.0,1.0,1.0,1.0,0,0,0,True,True,False,False,1.0,1.0,False,False,False,False
1,12,True,1.0,1.0,0.9642857142857143,1.0,1,0,0,True,True,True,False,0.9642857142857143,1.0,True,False,True,False
1,13,False,0.9393939393939394,1.0,0.96875,1.0,0,0,0,False,True,False,False,0.96875,1.0,False,False,False,False
1,14,False,0.9887640449438202,1.0,0.9887640449438202,1.0,0,0,0,False,True,False,False,0.9887640449438202,1.0,False,False,False,False
1,15,False,0.9016393442622952,1.0,0.9734513274336283,1.0,0,0,0,False,True,False,False,0.9734513274336283,1.0,False,False,False,False
1,16,True,1.0,1.0,1.0,0.9795918367346939,0,1,1,True,True,False,True,1.0,1.0,False,False,False,False
1,17,False,0.9438202247191012,1.0,1.0,1.0,0,0,0,False,True,False,False,1.0,1.0,False,False,False,False
1,18,False,0.9097744360902256,1.0,0.9603174603174603,1.0,0,0,0,False,True,False,False,0.9603174603174603,1.0,False,False,False,False
1,19,True,1.0,1.0,1.0,1.0,0,0,0,True,True,False,False,1.0,1.0,False,False,False,False
1,20,False,0.9371069182389936,1.0,0.9866666666666667,0.9932885906040269,0,1,3,False,True,False,True,0.9932885906040269,0.9932885906040269,False,True,False,True
1,21,True,1.0,1.0,1.0,1.0,0,0,0,True,True,False,False,1.0,1.0,False,False,False,False
1,22,False,0.9835680751173708,1.0,0.9928909952606635,1.0,0,0,0,False,True,False,False,0.9928909952606635,1.0,False,False,False,False
1,23,False,0.9778714436248684,1.0,0.9830328738069989,0.9989224137931034,0,1,1,False,True,False,True,0.9830148619957537,0.9978448275862069,False,True,False,True
1,24,False,0.9814814814814816,1.0,0.9929742388758782,1.0,0,0,0,False,True,False,False,0.9929742388758782,1.0,False,False,False,False
1,25,False,0.9768292682926828,1.0,0.9767726161369193,0.9975031210986267,1,2,2,False,True,True,True,0.9755501222493888,0.9962546816479401,True,True,True,True
1,26,True,1.0,1.0,1.0,1.0,0,0,0,True,True,False,False,1.0,1.0,False,False,False,False
1,27,True,1.0,1.0,1.0,1.0,0,0,0,True,True,False,False,1.0,1.0,False,False,False,False
1,28,True,1.0,1.0,1.0,1.0,0,0,0,True,True,False,False,1.0,1.0,False,False,False,False
1,29,True,1.0,1.0,1.0,1.0,0,0,0,True,True,False,False,1.0,1.0,False,False,False,False
1,30,True,1.0,1.0,1.0,1.0,0,0,1,True,True,False,False,1.0,0.9888888888888889,False,True,False,False
1,31,True,1.0,1.0,0.9912280701754386,1.0,1,0,0,True,True,True,False,0.9912280701754386,1.0,True,False,True,False
1,32,True,1.0,1.0,1.0,1.0,0,0,0,True,True,False,False,1.0,1.0,False,False,False,False
1,33,True,1.0,1.0,1.0,1.0,0,0,0,True,True,False,False,1.0,1.0,False,False,False,False
1,34,True,1.0,1.0,1.0,1.0,0,0,0,True,True,False,False,1.0,1.0,False,False,False,False
1,35,True,1.0,1.0,0.995,0.9974937343358395,2,1,2,True,True,True,True,0.995,0.9974937343358395,True,True,True,True
1,36,False,0.9534883720930232,1.0,0.9879518072289156,1.0,0,0,0,False,True,False,False,0.9879518072289156,1.0,False,False,False,False
1,37,False,,,1.0,1.0,0,0,0,False,False,False,False,1.0,1.0,False,False,False,False
1,38,True,1.0,1.0,1.0,1.0,0,0,0,True,True,False,False,1.0,1.0,False,False,False,False
1,39,True,1.0,1.0,1.0,1.0,0,0,0,True,True,False,False,1.0,1.0,False,False,False,False
1,40,True,1.0,1.0,1.0,1.0,0,0,0,True,True,False,False,1.0,1.0,False,False,False,False
1,41,True,1.0,1.0,1.0,1.0,0,0,0,True,True,False,False,1.0,1.0,False,False,False,False
1,42,False,0.9,1.0,0.9503105590062112,1.0,0,0,2,False,True,False,False,0.95625,1.0,False,False,False,False
1,43,False,0.9727272727272728,1.0,1.0,1.0,0,0,0,False,True,False,False,1.0,1.0,False,False,False,False
1,44,False,0.9655172413793104,1.0,1.0,1.0,0,0,0,False,True,False,False,1.0,1.0,False,False,False,False
1,45,True,1.0,1.0,1.0,1.0,0,0,0,True,True,False,False,1.0,1.0,False,False,False,False
1,46,True,1.0,1.0,1.0,1.0,0,0,1,True,True,False,False,0.9933774834437086,1.0,True,False,False,False
