workload,query,t,alpha,reps,recall_violations,precision_certs,precision_violations,mean_recall_bound,mean_recall_realized,mean_gap,mean_audit_plus_escalation
llama3.1:8b-instruct-q4_K_M-N2000,log:A2,0.8,0.01,1000,0,1000,5,1.0,1.0,0.0,254.202
llama3.1:8b-instruct-q4_K_M-N2000,log:A2,0.8,0.05,1000,0,1000,26,1.0,1.0,0.0,246.316
llama3.1:8b-instruct-q4_K_M-N2000,log:A2,0.8,0.1,1000,0,1000,77,1.0,1.0,0.0,206.758
llama3.1:8b-instruct-q4_K_M-N2000,log:A2,0.9,0.01,1000,0,1000,16,1.0,1.0,0.0,250.797
llama3.1:8b-instruct-q4_K_M-N2000,log:A2,0.9,0.05,1000,0,1000,13,1.0,1.0,0.0,247.042
llama3.1:8b-instruct-q4_K_M-N2000,log:A2,0.9,0.1,1000,0,1000,94,1.0,1.0,0.0,203.77
llama3.1:8b-instruct-q4_K_M-N2000,log:A2,0.95,0.01,1000,0,1000,9,1.0,1.0,0.0,254.429
llama3.1:8b-instruct-q4_K_M-N2000,log:A2,0.95,0.05,1000,0,1000,23,1.0,1.0,0.0,246.8
llama3.1:8b-instruct-q4_K_M-N2000,log:A2,0.95,0.1,1000,0,1000,94,1.0,1.0,0.0,212.983
llama3.1:8b-instruct-q4_K_M-N2000,log:A2,0.98,0.01,1000,0,1000,8,1.0,1.0,0.0,253.521
llama3.1:8b-instruct-q4_K_M-N2000,log:A2,0.98,0.05,1000,0,1000,29,1.0,1.0,0.0,246.316
llama3.1:8b-instruct-q4_K_M-N2000,log:A2,0.98,0.1,1000,0,1000,78,1.0,1.0,0.0,214.228
llama3.1:8b-instruct-q4_K_M-N2000,log:A3,0.8,0.01,1000,0,1000,0,0.964987961004418,0.974216393442623,0.009228432438204913,1727.946
llama3.1:8b-instruct-q4_K_M-N2000,log:A3,0.8,0.05,1000,0,1000,0,0.9665238166550093,0.9748295081967214,0.00830569154171195,1731.183
llama3.1:8b-instruct-q4_K_M-N2000,log:A3,0.8,0.1,1000,0,1000,0,0.9645134897023329,0.9730721311475412,0.008558641445208006,1706.835
llama3.1:8b-instruct-q4_K_M-N2000,log:A3,0.9,0.01,1000,0,1000,0,0.9751874504445841,0.9814688524590165,0.006281402014432347,1772.93
llama3.1:8b-instruct-q4_K_M-N2000,log:A3,0.9,0.05,1000,2,1000,0,0.9724051150055395,0.9792459016393444,0.006840786633804694,1754.501
llama3.1:8b-instruct-q4_K_M-N2000,log:A3,0.9,0.1,1000,1,1000,0,0.9715691160991428,0.978681967213115,0.007112851113971928,1748.521
llama3.1:8b-instruct-q4_K_M-N2000,log:A3,0.95,0.01,1000,0,1000,0,0.9867466745472038,0.9900590163934426,0.0033123418462389126,1776.229
llama3.1:8b-instruct-q4_K_M-N2000,log:A3,0.95,0.05,1000,0,1000,0,0.9811118202335127,0.9859409836065575,0.004829163373044647,1759.63
llama3.1:8b-instruct-q4_K_M-N2000,log:A3,0.95,0.1,1000,0,1000,0,0.9788141421959885,0.9840950819672132,0.005280939771224443,1752.166
llama3.1:8b-instruct-q4_K_M-N2000,log:A3,0.98,0.01,1000,0,1000,0,1.0,1.0,0.0,1780.0
llama3.1:8b-instruct-q4_K_M-N2000,log:A3,0.98,0.05,1000,0,1000,0,1.0,1.0,0.0,1765.0
llama3.1:8b-instruct-q4_K_M-N2000,log:A3,0.98,0.1,1000,0,1000,0,0.9999029097621951,0.9999672131147541,6.430335255894914e-05,1758.51
llama3.1:8b-instruct-q4_K_M-N2000,log:A4,0.8,0.01,1000,0,1000,0,1.0,1.0,0.0,310.0
llama3.1:8b-instruct-q4_K_M-N2000,log:A4,0.8,0.05,1000,0,1000,0,1.0,1.0,0.0,310.0
llama3.1:8b-instruct-q4_K_M-N2000,log:A4,0.8,0.1,1000,0,1000,0,1.0,1.0,0.0,310.0
llama3.1:8b-instruct-q4_K_M-N2000,log:A4,0.9,0.01,1000,0,1000,0,1.0,1.0,0.0,310.0
llama3.1:8b-instruct-q4_K_M-N2000,log:A4,0.9,0.05,1000,0,1000,0,1.0,1.0,0.0,310.0
llama3.1:8b-instruct-q4_K_M-N2000,log:A4,0.9,0.1,1000,0,1000,0,1.0,1.0,0.0,310.0
llama3.1:8b-instruct-q4_K_M-N2000,log:A4,0.95,0.01,1000,0,1000,0,1.0,1.0,0.0,310.0
llama3.1:8b-instruct-q4_K_M-N2000,log:A4,0.95,0.05,1000,0,1000,0,1.0,1.0,0.0,310.0
llama3.1:8b-instruct-q4_K_M-N2000,log:A4,0.95,0.1,1000,0,1000,0,1.0,1.0,0.0,310.0
llama3.1:8b-instruct-q4_K_M-N2000,log:A4,0.98,0.01,1000,0,1000,0,1.0,1.0,0.0,310.0
llama3.1:8b-instruct-q4_K_M-N2000,log:A4,0.98,0.05,1000,0,1000,0,1.0,1.0,0.0,310.0
llama3.1:8b-instruct-q4_K_M-N2000,log:A4,0.98,0.1,1000,0,1000,0,1.0,1.0,0.0,310.0
llama3.1:8b-instruct-q4_K_M-N2000,log:B2,0.8,0.01,1000,0,1000,0,1.0,1.0,0.0,96.0
llama3.1:8b-instruct-q4_K_M-N2000,log:B2,0.8,0.05,1000,0,1000,0,1.0,1.0,0.0,96.0
llama3.1:8b-instruct-q4_K_M-N2000,log:B2,0.8,0.1,1000,0,1000,0,1.0,1.0,0.0,96.0
llama3.1:8b-instruct-q4_K_M-N2000,log:B2,0.9,0.01,1000,0,1000,0,1.0,1.0,0.0,96.0
llama3.1:8b-instruct-q4_K_M-N2000,log:B2,0.9,0.05,1000,0,1000,0,1.0,1.0,0.0,96.0
llama3.1:8b-instruct-q4_K_M-N2000,log:B2,0.9,0.1,1000,0,1000,0,1.0,1.0,0.0,96.0
llama3.1:8b-instruct-q4_K_M-N2000,log:B2,0.95,0.01,1000,0,1000,0,1.0,1.0,0.0,96.0
llama3.1:8b-instruct-q4_K_M-N2000,log:B2,0.95,0.05,1000,0,1000,0,1.0,1.0,0.0,96.0
llama3.1:8b-instruct-q4_K_M-N2000,log:B2,0.95,0.1,1000,0,1000,0,1.0,1.0,0.0,96.0
llama3.1:8b-instruct-q4_K_M-N2000,log:B2,0.98,0.01,1000,0,1000,0,1.0,1.0,0.0,96.0
llama3.1:8b-instruct-q4_K_M-N2000,log:B2,0.98,0.05,1000,0,1000,0,1.0,1.0,0.0,96.0
llama3.1:8b-instruct-q4_K_M-N2000,log:B2,0.98,0.1,1000,0,1000,0,1.0,1.0,0.0,96.0
llama3.1:8b-instruct-q4_K_M-N2000,log:B4,0.8,0.01,1000,0,1000,0,1.0,1.0,0.0,1998.0
llama3.1:8b-instruct-q4_K_M-N2000,log:B4,0.8,0.05,1000,0,1000,0,1.0,1.0,0.0,1998.0
llama3.1:8b-instruct-q4_K_M-N2000,log:B4,0.8,0.1,1000,0,1000,0,1.0,1.0,0.0,1998.0
llama3.1:8b-instruct-q4_K_M-N2000,log:B4,0.9,0.01,1000,0,1000,0,1.0,1.0,0.0,1998.0
llama3.1:8b-instruct-q4_K_M-N2000,log:B4,0.9,0.05,1000,0,1000,0,1.0,1.0,0.0,1998.0
llama3.1:8b-instruct-q4_K_M-N2000,log:B4,0.9,0.1,1000,0,1000,0,1.0,1.0,0.0,1998.0
llama3.1:8b-instruct-q4_K_M-N2000,log:B4,0.95,0.01,1000,0,1000,0,1.0,1.0,0.0,1998.0
llama3.1:8b-instruct-q4_K_M-N2000,log:B4,0.95,0.05,1000,0,1000,0,1.0,1.0,0.0,1998.0
llama3.1:8b-instruct-q4_K_M-N2000,log:B4,0.95,0.1,1000,0,1000,0,1.0,1.0,0.0,1998.0
llama3.1:8b-instruct-q4_K_M-N2000,log:B4,0.98,0.01,1000,0,1000,0,1.0,1.0,0.0,1998.0
llama3.1:8b-instruct-q4_K_M-N2000,log:B4,0.98,0.05,1000,0,1000,0,1.0,1.0,0.0,1998.0
llama3.1:8b-instruct-q4_K_M-N2000,log:B4,0.98,0.1,1000,0,1000,0,1.0,1.0,0.0,1998.0
llama3.1:8b-instruct-q4_K_M-N2000,log:B5,0.8,0.01,1000,0,1000,0,1.0,1.0,0.0,1968.0
llama3.1:8b-instruct-q4_K_M-N2000,log:B5,0.8,0.05,1000,0,1000,0,1.0,1.0,0.0,1968.0
llama3.1:8b-instruct-q4_K_M-N2000,log:B5,0.8,0.1,1000,0,1000,0,1.0,1.0,0.0,1968.0
llama3.1:8b-instruct-q4_K_M-N2000,log:B5,0.9,0.01,1000,0,1000,0,1.0,1.0,0.0,1968.0
llama3.1:8b-instruct-q4_K_M-N2000,log:B5,0.9,0.05,1000,0,1000,0,1.0,1.0,0.0,1968.0
llama3.1:8b-instruct-q4_K_M-N2000,log:B5,0.9,0.1,1000,0,1000,0,1.0,1.0,0.0,1968.0
llama3.1:8b-instruct-q4_K_M-N2000,log:B5,0.95,0.01,1000,0,1000,0,1.0,1.0,0.0,1968.0
llama3.1:8b-instruct-q4_K_M-N2000,log:B5,0.95,0.05,1000,0,1000,0,1.0,1.0,0.0,1968.0
llama3.1:8b-instruct-q4_K_M-N2000,log:B5,0.95,0.1,1000,0,1000,0,1.0,1.0,0.0,1968.0
llama3.1:8b-instruct-q4_K_M-N2000,log:B5,0.98,0.01,1000,0,1000,0,1.0,1.0,0.0,1968.0
llama3.1:8b-instruct-q4_K_M-N2000,log:B5,0.98,0.05,1000,0,1000,0,1.0,1.0,0.0,1968.0
llama3.1:8b-instruct-q4_K_M-N2000,log:B5,0.98,0.1,1000,0,1000,0,1.0,1.0,0.0,1968.0
llama3.1:8b-instruct-q4_K_M-N2000,log:C2,0.8,0.01,1000,0,1000,0,0.8599863284763448,0.9849555555555555,0.12496922707921088,664.606
llama3.1:8b-instruct-q4_K_M-N2000,log:C2,0.8,0.05,1000,0,1000,0,0.9062135922330097,0.9856888888888888,0.07947529665587919,852.5
llama3.1:8b-instruct-q4_K_M-N2000,log:C2,0.8,0.1,1000,0,1000,0,0.893846153846154,0.9846666666666667,0.0908205128205128,742.33
llama3.1:8b-instruct-q4_K_M-N2000,log:C2,0.9,0.01,1000,0,1000,0,0.9349280284979595,0.9925666666666667,0.057638638168707276,1175.0
llama3.1:8b-instruct-q4_K_M-N2000,log:C2,0.9,0.05,1000,0,1000,0,0.9215018068950228,0.9883111111111111,0.06680930421608841,818.0
llama3.1:8b-instruct-q4_K_M-N2000,log:C2,0.9,0.1,1000,0,1000,0,0.9314591836734694,0.9862555555555556,0.054796371882086164,814.147
llama3.1:8b-instruct-q4_K_M-N2000,log:C2,0.95,0.01,1000,0,1000,0,1.0,1.0,0.0,1738.0
llama3.1:8b-instruct-q4_K_M-N2000,log:C2,0.95,0.05,1000,9,1000,0,1.0,0.9998999999999999,-9.999999999999964e-05,1729.0
llama3.1:8b-instruct-q4_K_M-N2000,log:C2,0.95,0.1,1000,38,1000,0,0.9716967487025481,0.9957444444444444,0.024047695741896538,1404.0
llama3.1:8b-instruct-q4_K_M-N2000,log:C2,0.98,0.01,1000,0,1000,0,1.0,1.0,0.0,1738.0
llama3.1:8b-instruct-q4_K_M-N2000,log:C2,0.98,0.05,1000,0,1000,0,1.0,1.0,0.0,1738.0
llama3.1:8b-instruct-q4_K_M-N2000,log:C2,0.98,0.1,1000,0,1000,0,1.0,1.0,0.0,1738.0
llama3.1:8b-instruct-q4_K_M-N2000,log:C3,0.8,0.01,1000,0,1000,0,1.0,1.0,0.0,1904.0
llama3.1:8b-instruct-q4_K_M-N2000,log:C3,0.8,0.05,1000,0,1000,0,1.0,1.0,0.0,1904.0
llama3.1:8b-instruct-q4_K_M-N2000,log:C3,0.8,0.1,1000,0,1000,0,1.0,1.0,0.0,1904.0
llama3.1:8b-instruct-q4_K_M-N2000,log:C3,0.9,0.01,1000,0,1000,0,1.0,1.0,0.0,1904.0
llama3.1:8b-instruct-q4_K_M-N2000,log:C3,0.9,0.05,1000,0,1000,0,1.0,1.0,0.0,1904.0
llama3.1:8b-instruct-q4_K_M-N2000,log:C3,0.9,0.1,1000,0,1000,0,1.0,1.0,0.0,1904.0
llama3.1:8b-instruct-q4_K_M-N2000,log:C3,0.95,0.01,1000,0,1000,0,1.0,1.0,0.0,1904.0
llama3.1:8b-instruct-q4_K_M-N2000,log:C3,0.95,0.05,1000,0,1000,0,1.0,1.0,0.0,1904.0
llama3.1:8b-instruct-q4_K_M-N2000,log:C3,0.95,0.1,1000,0,1000,0,1.0,1.0,0.0,1904.0
llama3.1:8b-instruct-q4_K_M-N2000,log:C3,0.98,0.01,1000,0,1000,0,1.0,1.0,0.0,1904.0
llama3.1:8b-instruct-q4_K_M-N2000,log:C3,0.98,0.05,1000,0,1000,0,1.0,1.0,0.0,1904.0
llama3.1:8b-instruct-q4_K_M-N2000,log:C3,0.98,0.1,1000,0,1000,0,1.0,1.0,0.0,1904.0
llama3.1:8b-instruct-q4_K_M-N2000,log:C5,0.8,0.01,1000,0,1000,0,0.9322807809411888,0.932284974093264,4.19315207520965e-06,1923.93
llama3.1:8b-instruct-q4_K_M-N2000,log:C5,0.8,0.05,1000,0,1000,0,0.9153782383419687,0.9153782383419687,0.0,1920.668
llama3.1:8b-instruct-q4_K_M-N2000,log:C5,0.8,0.1,1000,0,1000,0,0.9080880829015541,0.9080880829015541,0.0,1919.261
llama3.1:8b-instruct-q4_K_M-N2000,log:C5,0.9,0.01,1000,0,1000,0,1.0,1.0,0.0,1937.0
llama3.1:8b-instruct-q4_K_M-N2000,log:C5,0.9,0.05,1000,0,1000,0,0.9543105069173655,0.9545181347150258,0.00020762779766038154,1928.178
llama3.1:8b-instruct-q4_K_M-N2000,log:C5,0.9,0.1,1000,0,1000,0,0.9557512953367875,0.9557512953367875,0.0,1928.46
llama3.1:8b-instruct-q4_K_M-N2000,log:C5,0.95,0.01,1000,0,1000,0,1.0,1.0,0.0,1937.0
llama3.1:8b-instruct-q4_K_M-N2000,log:C5,0.95,0.05,1000,0,1000,0,1.0,1.0,0.0,1937.0
llama3.1:8b-instruct-q4_K_M-N2000,log:C5,0.95,0.1,1000,0,1000,0,1.0,1.0,0.0,1937.0
llama3.1:8b-instruct-q4_K_M-N2000,log:C5,0.98,0.01,1000,0,1000,0,1.0,1.0,0.0,1937.0
llama3.1:8b-instruct-q4_K_M-N2000,log:C5,0.98,0.05,1000,0,1000,0,1.0,1.0,0.0,1937.0
llama3.1:8b-instruct-q4_K_M-N2000,log:C5,0.98,0.1,1000,0,1000,0,1.0,1.0,0.0,1937.0
llama3.1:8b-instruct-q4_K_M-N2000,log:D3,0.8,0.01,1000,0,1000,0,1.0,1.0,0.0,112.0
llama3.1:8b-instruct-q4_K_M-N2000,log:D3,0.8,0.05,1000,0,1000,0,1.0,1.0,0.0,112.0
llama3.1:8b-instruct-q4_K_M-N2000,log:D3,0.8,0.1,1000,0,1000,0,1.0,1.0,0.0,112.0
llama3.1:8b-instruct-q4_K_M-N2000,log:D3,0.9,0.01,1000,0,1000,0,1.0,1.0,0.0,112.0
llama3.1:8b-instruct-q4_K_M-N2000,log:D3,0.9,0.05,1000,0,1000,0,1.0,1.0,0.0,112.0
llama3.1:8b-instruct-q4_K_M-N2000,log:D3,0.9,0.1,1000,0,1000,0,1.0,1.0,0.0,112.0
llama3.1:8b-instruct-q4_K_M-N2000,log:D3,0.95,0.01,1000,0,1000,0,1.0,1.0,0.0,112.0
llama3.1:8b-instruct-q4_K_M-N2000,log:D3,0.95,0.05,1000,0,1000,0,1.0,1.0,0.0,112.0
llama3.1:8b-instruct-q4_K_M-N2000,log:D3,0.95,0.1,1000,0,1000,0,1.0,1.0,0.0,112.0
llama3.1:8b-instruct-q4_K_M-N2000,log:D3,0.98,0.01,1000,0,1000,0,1.0,1.0,0.0,112.0
llama3.1:8b-instruct-q4_K_M-N2000,log:D3,0.98,0.05,1000,0,1000,0,1.0,1.0,0.0,112.0
llama3.1:8b-instruct-q4_K_M-N2000,log:D3,0.98,0.1,1000,0,1000,0,1.0,1.0,0.0,112.0
llama3.1:8b-instruct-q4_K_M-N2000,log:D5,0.8,0.01,1000,1,1000,0,0.9295634053561037,0.9668548387096774,0.03729143335357372,1224.976
llama3.1:8b-instruct-q4_K_M-N2000,log:D5,0.8,0.05,1000,0,1000,0,0.971483870967742,0.9803548387096773,0.008870967741935477,1347.0
llama3.1:8b-instruct-q4_K_M-N2000,log:D5,0.8,0.1,1000,0,1000,0,0.9897142857142858,0.9907096774193549,0.000995391705069128,1437.088
llama3.1:8b-instruct-q4_K_M-N2000,log:D5,0.9,0.01,1000,0,1000,0,1.0,1.0,0.0,1516.0
llama3.1:8b-instruct-q4_K_M-N2000,log:D5,0.9,0.05,1000,17,1000,0,0.9485482969330306,0.9742903225806451,0.025742025647614648,1302.688
llama3.1:8b-instruct-q4_K_M-N2000,log:D5,0.9,0.1,1000,27,1000,0,0.9885395699585168,0.9893870967741936,0.0008475268156768012,1444.625
llama3.1:8b-instruct-q4_K_M-N2000,log:D5,0.95,0.01,1000,0,1000,0,1.0,1.0,0.0,1516.0
llama3.1:8b-instruct-q4_K_M-N2000,log:D5,0.95,0.05,1000,0,1000,0,1.0,1.0,0.0,1516.0
llama3.1:8b-instruct-q4_K_M-N2000,log:D5,0.95,0.1,1000,0,1000,0,1.0,1.0,0.0,1516.0
llama3.1:8b-instruct-q4_K_M-N2000,log:D5,0.98,0.01,1000,0,1000,0,1.0,1.0,0.0,1516.0
llama3.1:8b-instruct-q4_K_M-N2000,log:D5,0.98,0.05,1000,0,1000,0,1.0,1.0,0.0,1516.0
llama3.1:8b-instruct-q4_K_M-N2000,log:D5,0.98,0.1,1000,0,1000,0,1.0,1.0,0.0,1516.0
llama3.1:8b-instruct-q4_K_M-N2000,log:E2,0.8,0.01,1000,0,1000,0,1.0,1.0,0.0,2000.0
llama3.1:8b-instruct-q4_K_M-N2000,log:E2,0.8,0.05,1000,0,1000,0,1.0,1.0,0.0,2000.0
llama3.1:8b-instruct-q4_K_M-N2000,log:E2,0.8,0.1,1000,0,1000,0,1.0,1.0,0.0,2000.0
llama3.1:8b-instruct-q4_K_M-N2000,log:E2,0.9,0.01,1000,0,1000,0,1.0,1.0,0.0,2000.0
llama3.1:8b-instruct-q4_K_M-N2000,log:E2,0.9,0.05,1000,0,1000,0,1.0,1.0,0.0,2000.0
llama3.1:8b-instruct-q4_K_M-N2000,log:E2,0.9,0.1,1000,0,1000,0,1.0,1.0,0.0,2000.0
llama3.1:8b-instruct-q4_K_M-N2000,log:E2,0.95,0.01,1000,0,1000,0,1.0,1.0,0.0,2000.0
llama3.1:8b-instruct-q4_K_M-N2000,log:E2,0.95,0.05,1000,0,1000,0,1.0,1.0,0.0,2000.0
llama3.1:8b-instruct-q4_K_M-N2000,log:E2,0.95,0.1,1000,0,1000,0,1.0,1.0,0.0,2000.0
llama3.1:8b-instruct-q4_K_M-N2000,log:E2,0.98,0.01,1000,0,1000,0,1.0,1.0,0.0,2000.0
llama3.1:8b-instruct-q4_K_M-N2000,log:E2,0.98,0.05,1000,0,1000,0,1.0,1.0,0.0,2000.0
llama3.1:8b-instruct-q4_K_M-N2000,log:E2,0.98,0.1,1000,0,1000,0,1.0,1.0,0.0,2000.0
llama3.1:8b-instruct-q4_K_M-N2000,log:E3,0.8,0.01,1000,0,1000,0,1.0,1.0,0.0,2000.0
llama3.1:8b-instruct-q4_K_M-N2000,log:E3,0.8,0.05,1000,0,1000,0,1.0,1.0,0.0,2000.0
llama3.1:8b-instruct-q4_K_M-N2000,log:E3,0.8,0.1,1000,0,1000,0,1.0,1.0,0.0,2000.0
llama3.1:8b-instruct-q4_K_M-N2000,log:E3,0.9,0.01,1000,0,1000,0,1.0,1.0,0.0,2000.0
llama3.1:8b-instruct-q4_K_M-N2000,log:E3,0.9,0.05,1000,0,1000,0,1.0,1.0,0.0,2000.0
llama3.1:8b-instruct-q4_K_M-N2000,log:E3,0.9,0.1,1000,0,1000,0,1.0,1.0,0.0,2000.0
llama3.1:8b-instruct-q4_K_M-N2000,log:E3,0.95,0.01,1000,0,1000,0,1.0,1.0,0.0,2000.0
llama3.1:8b-instruct-q4_K_M-N2000,log:E3,0.95,0.05,1000,0,1000,0,1.0,1.0,0.0,2000.0
llama3.1:8b-instruct-q4_K_M-N2000,log:E3,0.95,0.1,1000,0,1000,0,1.0,1.0,0.0,2000.0
llama3.1:8b-instruct-q4_K_M-N2000,log:E3,0.98,0.01,1000,0,1000,0,1.0,1.0,0.0,2000.0
llama3.1:8b-instruct-q4_K_M-N2000,log:E3,0.98,0.05,1000,0,1000,0,1.0,1.0,0.0,2000.0
llama3.1:8b-instruct-q4_K_M-N2000,log:E3,0.98,0.1,1000,0,1000,0,1.0,1.0,0.0,2000.0
llama3.1:8b-instruct-q4_K_M-N2000,log:E5,0.8,0.01,1000,0,1000,0,1.0,1.0,0.0,2000.0
llama3.1:8b-instruct-q4_K_M-N2000,log:E5,0.8,0.05,1000,0,1000,0,1.0,1.0,0.0,2000.0
llama3.1:8b-instruct-q4_K_M-N2000,log:E5,0.8,0.1,1000,0,1000,0,1.0,1.0,0.0,2000.0
llama3.1:8b-instruct-q4_K_M-N2000,log:E5,0.9,0.01,1000,0,1000,0,1.0,1.0,0.0,2000.0
llama3.1:8b-instruct-q4_K_M-N2000,log:E5,0.9,0.05,1000,0,1000,0,1.0,1.0,0.0,2000.0
llama3.1:8b-instruct-q4_K_M-N2000,log:E5,0.9,0.1,1000,0,1000,0,1.0,1.0,0.0,2000.0
llama3.1:8b-instruct-q4_K_M-N2000,log:E5,0.95,0.01,1000,0,1000,0,1.0,1.0,0.0,2000.0
llama3.1:8b-instruct-q4_K_M-N2000,log:E5,0.95,0.05,1000,0,1000,0,1.0,1.0,0.0,2000.0
llama3.1:8b-instruct-q4_K_M-N2000,log:E5,0.95,0.1,1000,0,1000,0,1.0,1.0,0.0,2000.0
llama3.1:8b-instruct-q4_K_M-N2000,log:E5,0.98,0.01,1000,0,1000,0,1.0,1.0,0.0,2000.0
llama3.1:8b-instruct-q4_K_M-N2000,log:E5,0.98,0.05,1000,0,1000,0,1.0,1.0,0.0,2000.0
llama3.1:8b-instruct-q4_K_M-N2000,log:E5,0.98,0.1,1000,0,1000,0,1.0,1.0,0.0,2000.0
llama3.1:8b-instruct-q4_K_M-N2000,log:F1,0.8,0.01,1000,0,1000,0,1.0,1.0,0.0,1452.0
llama3.1:8b-instruct-q4_K_M-N2000,log:F1,0.8,0.05,1000,0,1000,0,1.0,1.0,0.0,1452.0
llama3.1:8b-instruct-q4_K_M-N2000,log:F1,0.8,0.1,1000,0,1000,0,1.0,1.0,0.0,1452.0
llama3.1:8b-instruct-q4_K_M-N2000,log:F1,0.9,0.01,1000,0,1000,0,1.0,1.0,0.0,1452.0
llama3.1:8b-instruct-q4_K_M-N2000,log:F1,0.9,0.05,1000,0,1000,0,1.0,1.0,0.0,1452.0
llama3.1:8b-instruct-q4_K_M-N2000,log:F1,0.9,0.1,1000,0,1000,0,1.0,1.0,0.0,1452.0
llama3.1:8b-instruct-q4_K_M-N2000,log:F1,0.95,0.01,1000,0,1000,0,1.0,1.0,0.0,1452.0
llama3.1:8b-instruct-q4_K_M-N2000,log:F1,0.95,0.05,1000,0,1000,0,1.0,1.0,0.0,1452.0
llama3.1:8b-instruct-q4_K_M-N2000,log:F1,0.95,0.1,1000,0,1000,0,1.0,1.0,0.0,1452.0
llama3.1:8b-instruct-q4_K_M-N2000,log:F1,0.98,0.01,1000,0,1000,0,1.0,1.0,0.0,1452.0
llama3.1:8b-instruct-q4_K_M-N2000,log:F1,0.98,0.05,1000,0,1000,0,1.0,1.0,0.0,1452.0
llama3.1:8b-instruct-q4_K_M-N2000,log:F1,0.98,0.1,1000,0,1000,0,1.0,1.0,0.0,1452.0
llama3.1:8b-instruct-q4_K_M-N2000,log:F2,0.8,0.01,1000,0,1000,0,1.0,1.0,0.0,1452.0
llama3.1:8b-instruct-q4_K_M-N2000,log:F2,0.8,0.05,1000,0,1000,0,1.0,1.0,0.0,1452.0
llama3.1:8b-instruct-q4_K_M-N2000,log:F2,0.8,0.1,1000,0,1000,0,1.0,1.0,0.0,1452.0
llama3.1:8b-instruct-q4_K_M-N2000,log:F2,0.9,0.01,1000,0,1000,0,1.0,1.0,0.0,1452.0
llama3.1:8b-instruct-q4_K_M-N2000,log:F2,0.9,0.05,1000,0,1000,0,1.0,1.0,0.0,1452.0
llama3.1:8b-instruct-q4_K_M-N2000,log:F2,0.9,0.1,1000,0,1000,0,1.0,1.0,0.0,1452.0
llama3.1:8b-instruct-q4_K_M-N2000,log:F2,0.95,0.01,1000,0,1000,0,1.0,1.0,0.0,1452.0
llama3.1:8b-instruct-q4_K_M-N2000,log:F2,0.95,0.05,1000,0,1000,0,1.0,1.0,0.0,1452.0
llama3.1:8b-instruct-q4_K_M-N2000,log:F2,0.95,0.1,1000,0,1000,0,1.0,1.0,0.0,1452.0
llama3.1:8b-instruct-q4_K_M-N2000,log:F2,0.98,0.01,1000,0,1000,0,1.0,1.0,0.0,1452.0
llama3.1:8b-instruct-q4_K_M-N2000,log:F2,0.98,0.05,1000,0,1000,0,1.0,1.0,0.0,1452.0
llama3.1:8b-instruct-q4_K_M-N2000,log:F2,0.98,0.1,1000,0,1000,0,1.0,1.0,0.0,1452.0
llama3.1:8b-instruct-q4_K_M-N2000,log:F3,0.8,0.01,1000,0,1000,0,1.0,1.0,0.0,740.0
llama3.1:8b-instruct-q4_K_M-N2000,log:F3,0.8,0.05,1000,0,1000,0,1.0,1.0,0.0,740.0
llama3.1:8b-instruct-q4_K_M-N2000,log:F3,0.8,0.1,1000,0,1000,0,1.0,1.0,0.0,740.0
llama3.1:8b-instruct-q4_K_M-N2000,log:F3,0.9,0.01,1000,0,1000,0,1.0,1.0,0.0,740.0
llama3.1:8b-instruct-q4_K_M-N2000,log:F3,0.9,0.05,1000,0,1000,0,1.0,1.0,0.0,740.0
llama3.1:8b-instruct-q4_K_M-N2000,log:F3,0.9,0.1,1000,0,1000,0,1.0,1.0,0.0,740.0
llama3.1:8b-instruct-q4_K_M-N2000,log:F3,0.95,0.01,1000,0,1000,0,1.0,1.0,0.0,740.0
llama3.1:8b-instruct-q4_K_M-N2000,log:F3,0.95,0.05,1000,0,1000,0,1.0,1.0,0.0,740.0
llama3.1:8b-instruct-q4_K_M-N2000,log:F3,0.95,0.1,1000,0,1000,0,1.0,1.0,0.0,740.0
llama3.1:8b-instruct-q4_K_M-N2000,log:F3,0.98,0.01,1000,0,1000,0,1.0,1.0,0.0,740.0
llama3.1:8b-instruct-q4_K_M-N2000,log:F3,0.98,0.05,1000,0,1000,0,1.0,1.0,0.0,740.0
llama3.1:8b-instruct-q4_K_M-N2000,log:F3,0.98,0.1,1000,0,1000,0,1.0,1.0,0.0,740.0
llama3.1:8b-instruct-q4_K_M-N2000,log:F4,0.8,0.01,1000,0,1000,0,1.0,1.0,0.0,740.0
llama3.1:8b-instruct-q4_K_M-N2000,log:F4,0.8,0.05,1000,0,1000,0,1.0,1.0,0.0,740.0
llama3.1:8b-instruct-q4_K_M-N2000,log:F4,0.8,0.1,1000,0,1000,0,1.0,1.0,0.0,740.0
llama3.1:8b-instruct-q4_K_M-N2000,log:F4,0.9,0.01,1000,0,1000,0,1.0,1.0,0.0,740.0
llama3.1:8b-instruct-q4_K_M-N2000,log:F4,0.9,0.05,1000,0,1000,0,1.0,1.0,0.0,740.0
llama3.1:8b-instruct-q4_K_M-N2000,log:F4,0.9,0.1,1000,0,1000,0,1.0,1.0,0.0,740.0
llama3.1:8b-instruct-q4_K_M-N2000,log:F4,0.95,0.01,1000,0,1000,0,1.0,1.0,0.0,740.0
llama3.1:8b-instruct-q4_K_M-N2000,log:F4,0.95,0.05,1000,0,1000,0,1.0,1.0,0.0,740.0
llama3.1:8b-instruct-q4_K_M-N2000,log:F4,0.95,0.1,1000,0,1000,0,1.0,1.0,0.0,740.0
llama3.1:8b-instruct-q4_K_M-N2000,log:F4,0.98,0.01,1000,0,1000,0,1.0,1.0,0.0,740.0
llama3.1:8b-instruct-q4_K_M-N2000,log:F4,0.98,0.05,1000,0,1000,0,1.0,1.0,0.0,740.0
llama3.1:8b-instruct-q4_K_M-N2000,log:F4,0.98,0.1,1000,0,1000,0,1.0,1.0,0.0,740.0
llama3.1:8b-instruct-q4_K_M-N2000,log:F5,0.8,0.01,1000,0,1000,0,1.0,1.0,0.0,1452.0
llama3.1:8b-instruct-q4_K_M-N2000,log:F5,0.8,0.05,1000,0,1000,0,1.0,1.0,0.0,1452.0
llama3.1:8b-instruct-q4_K_M-N2000,log:F5,0.8,0.1,1000,0,1000,0,1.0,1.0,0.0,1452.0
llama3.1:8b-instruct-q4_K_M-N2000,log:F5,0.9,0.01,1000,0,1000,0,1.0,1.0,0.0,1452.0
llama3.1:8b-instruct-q4_K_M-N2000,log:F5,0.9,0.05,1000,0,1000,0,1.0,1.0,0.0,1452.0
llama3.1:8b-instruct-q4_K_M-N2000,log:F5,0.9,0.1,1000,0,1000,0,1.0,1.0,0.0,1452.0
llama3.1:8b-instruct-q4_K_M-N2000,log:F5,0.95,0.01,1000,0,1000,0,1.0,1.0,0.0,1452.0
llama3.1:8b-instruct-q4_K_M-N2000,log:F5,0.95,0.05,1000,0,1000,0,1.0,1.0,0.0,1452.0
llama3.1:8b-instruct-q4_K_M-N2000,log:F5,0.95,0.1,1000,0,1000,0,1.0,1.0,0.0,1452.0
llama3.1:8b-instruct-q4_K_M-N2000,log:F5,0.98,0.01,1000,0,1000,0,1.0,1.0,0.0,1452.0
llama3.1:8b-instruct-q4_K_M-N2000,log:F5,0.98,0.05,1000,0,1000,0,1.0,1.0,0.0,1452.0
llama3.1:8b-instruct-q4_K_M-N2000,log:F5,0.98,0.1,1000,0,1000,0,1.0,1.0,0.0,1452.0
llama3.1:8b-instruct-q4_K_M-N2000,log:F6,0.8,0.01,1000,0,1000,0,0.9204941835894085,0.9665114503816794,0.04601726679227088,452.728
llama3.1:8b-instruct-q4_K_M-N2000,log:F6,0.8,0.05,1000,0,1000,0,0.9319543076733702,0.9700801526717557,0.03812584499838557,488.266
llama3.1:8b-instruct-q4_K_M-N2000,log:F6,0.8,0.1,1000,0,1000,0,0.9271964729945317,0.9675114503816793,0.04031497738714787,467.861
llama3.1:8b-instruct-q4_K_M-N2000,log:F6,0.9,0.01,1000,0,1000,0,0.9538000054804006,0.9809351145038168,0.027135109023416128,535.935
llama3.1:8b-instruct-q4_K_M-N2000,log:F6,0.9,0.05,1000,2,1000,0,0.9488133298708936,0.9777519083969464,0.02893857852605301,526.241
llama3.1:8b-instruct-q4_K_M-N2000,log:F6,0.9,0.1,1000,4,1000,0,0.9486586966448177,0.978240458015267,0.029581761370449586,532.764
llama3.1:8b-instruct-q4_K_M-N2000,log:F6,0.95,0.01,1000,0,1000,0,0.9756932237105682,0.990290076335878,0.01459685262530969,542.469
llama3.1:8b-instruct-q4_K_M-N2000,log:F6,0.95,0.05,1000,0,1000,0,0.9672897275357195,0.9859618320610687,0.018672104525349186,539.658
llama3.1:8b-instruct-q4_K_M-N2000,log:F6,0.95,0.1,1000,5,1000,0,0.96689789135402,0.9852748091603053,0.018376917806285243,539.133
llama3.1:8b-instruct-q4_K_M-N2000,log:F6,0.98,0.01,1000,0,1000,0,1.0,1.0,0.0,549.0
llama3.1:8b-instruct-q4_K_M-N2000,log:F6,0.98,0.05,1000,0,1000,0,1.0,1.0,0.0,549.0
llama3.1:8b-instruct-q4_K_M-N2000,log:F6,0.98,0.1,1000,0,1000,0,1.0,1.0,0.0,549.0
llama3.1:8b-instruct-q4_K_M-N2000,log:G1,0.8,0.01,1000,0,1000,0,1.0,1.0,0.0,440.0
llama3.1:8b-instruct-q4_K_M-N2000,log:G1,0.8,0.05,1000,7,1000,0,0.9989202127659573,0.9986785714285714,-0.00024164133738601833,437.606
llama3.1:8b-instruct-q4_K_M-N2000,log:G1,0.8,0.1,1000,12,1000,0,0.998095238095238,0.9977346938775511,-0.0003605442176870755,435.788
llama3.1:8b-instruct-q4_K_M-N2000,log:G1,0.9,0.01,1000,0,1000,0,1.0,1.0,0.0,440.0
llama3.1:8b-instruct-q4_K_M-N2000,log:G1,0.9,0.05,1000,0,1000,0,1.0,1.0,0.0,440.0
llama3.1:8b-instruct-q4_K_M-N2000,log:G1,0.9,0.1,1000,0,1000,0,1.0,1.0,0.0,440.0
llama3.1:8b-instruct-q4_K_M-N2000,log:G1,0.95,0.01,1000,1,1000,0,0.9999533678756477,0.999938775510204,-1.4592365443586664e-05,439.956
llama3.1:8b-instruct-q4_K_M-N2000,log:G1,0.95,0.05,1000,0,1000,0,1.0,1.0,0.0,440.0
llama3.1:8b-instruct-q4_K_M-N2000,log:G1,0.95,0.1,1000,0,1000,0,1.0,1.0,0.0,440.0
llama3.1:8b-instruct-q4_K_M-N2000,log:G1,0.98,0.01,1000,0,1000,0,1.0,1.0,0.0,440.0
llama3.1:8b-instruct-q4_K_M-N2000,log:G1,0.98,0.05,1000,0,1000,0,1.0,1.0,0.0,440.0
llama3.1:8b-instruct-q4_K_M-N2000,log:G1,0.98,0.1,1000,0,1000,0,1.0,1.0,0.0,440.0
llama3.1:8b-instruct-q4_K_M-N2000,log:G2,0.8,0.01,1000,0,1000,0,0.8555747126436781,0.9920410958904111,0.13646638324673274,337.0
llama3.1:8b-instruct-q4_K_M-N2000,log:G2,0.8,0.05,1000,0,1000,0,0.8435174603174604,0.9903561643835618,0.14683870406610128,294.0
llama3.1:8b-instruct-q4_K_M-N2000,log:G2,0.8,0.1,1000,0,1000,0,0.8446153846153848,0.9894246575342468,0.1448092729188619,275.0
llama3.1:8b-instruct-q4_K_M-N2000,log:G2,0.9,0.01,1000,0,1000,0,0.9733095495495493,0.9990958904109589,0.0257863408614093,543.0
llama3.1:8b-instruct-q4_K_M-N2000,log:G2,0.9,0.05,1000,0,1000,0,0.9431041025641027,0.9959041095890411,0.05280000702493852,444.0
llama3.1:8b-instruct-q4_K_M-N2000,log:G2,0.9,0.1,1000,0,1000,0,0.9338674217188541,0.9942328767123289,0.06036545499347464,402.0
llama3.1:8b-instruct-q4_K_M-N2000,log:G2,0.95,0.01,1000,0,1000,0,1.0,1.0,0.0,571.0
llama3.1:8b-instruct-q4_K_M-N2000,log:G2,0.95,0.05,1000,0,1000,0,1.0,1.0,0.0,571.0
llama3.1:8b-instruct-q4_K_M-N2000,log:G2,0.95,0.1,1000,0,1000,0,1.0,1.0,0.0,571.0
llama3.1:8b-instruct-q4_K_M-N2000,log:G2,0.98,0.01,1000,0,1000,0,1.0,1.0,0.0,571.0
llama3.1:8b-instruct-q4_K_M-N2000,log:G2,0.98,0.05,1000,0,1000,0,1.0,1.0,0.0,571.0
llama3.1:8b-instruct-q4_K_M-N2000,log:G2,0.98,0.1,1000,0,1000,0,1.0,1.0,0.0,571.0
llama3.1:8b-instruct-q4_K_M-N2000,log:G3,0.8,0.01,1000,0,1000,0,0.9693328617642344,0.9835394736842107,0.01420661191997622,402.209
llama3.1:8b-instruct-q4_K_M-N2000,log:G3,0.8,0.05,1000,0,1000,0,0.9713100092678405,0.9820921052631579,0.010782095995317306,395.512
llama3.1:8b-instruct-q4_K_M-N2000,log:G3,0.8,0.1,1000,0,1000,0,0.954868131868132,0.9727105263157895,0.017842394447657603,367.424
llama3.1:8b-instruct-q4_K_M-N2000,log:G3,0.9,0.01,1000,0,1000,0,1.0,1.0,0.0,440.0
llama3.1:8b-instruct-q4_K_M-N2000,log:G3,0.9,0.05,1000,0,1000,0,0.9280401998556047,0.9716710526315789,0.043630852775974185,360.076
llama3.1:8b-instruct-q4_K_M-N2000,log:G3,0.9,0.1,1000,15,1000,0,0.9920304678882761,0.9926578947368421,0.0006274268485659984,426.32
llama3.1:8b-instruct-q4_K_M-N2000,log:G3,0.95,0.01,1000,0,1000,0,1.0,1.0,0.0,440.0
llama3.1:8b-instruct-q4_K_M-N2000,log:G3,0.95,0.05,1000,0,1000,0,1.0,1.0,0.0,440.0
llama3.1:8b-instruct-q4_K_M-N2000,log:G3,0.95,0.1,1000,0,1000,0,1.0,1.0,0.0,440.0
llama3.1:8b-instruct-q4_K_M-N2000,log:G3,0.98,0.01,1000,0,1000,0,1.0,1.0,0.0,440.0
llama3.1:8b-instruct-q4_K_M-N2000,log:G3,0.98,0.05,1000,0,1000,0,1.0,1.0,0.0,440.0
llama3.1:8b-instruct-q4_K_M-N2000,log:G3,0.98,0.1,1000,0,1000,0,1.0,1.0,0.0,440.0
llama3.1:8b-instruct-q4_K_M-N2000,log:G4,0.8,0.01,1000,0,1000,0,1.0,1.0,0.0,1998.0
llama3.1:8b-instruct-q4_K_M-N2000,log:G4,0.8,0.05,1000,0,1000,0,1.0,1.0,0.0,1998.0
llama3.1:8b-instruct-q4_K_M-N2000,log:G4,0.8,0.1,1000,0,1000,0,1.0,1.0,0.0,1998.0
llama3.1:8b-instruct-q4_K_M-N2000,log:G4,0.9,0.01,1000,0,1000,0,1.0,1.0,0.0,1998.0
llama3.1:8b-instruct-q4_K_M-N2000,log:G4,0.9,0.05,1000,0,1000,0,1.0,1.0,0.0,1998.0
llama3.1:8b-instruct-q4_K_M-N2000,log:G4,0.9,0.1,1000,0,1000,0,1.0,1.0,0.0,1998.0
llama3.1:8b-instruct-q4_K_M-N2000,log:G4,0.95,0.01,1000,0,1000,0,1.0,1.0,0.0,1998.0
llama3.1:8b-instruct-q4_K_M-N2000,log:G4,0.95,0.05,1000,0,1000,0,1.0,1.0,0.0,1998.0
llama3.1:8b-instruct-q4_K_M-N2000,log:G4,0.95,0.1,1000,0,1000,0,1.0,1.0,0.0,1998.0
llama3.1:8b-instruct-q4_K_M-N2000,log:G4,0.98,0.01,1000,0,1000,0,1.0,1.0,0.0,1998.0
llama3.1:8b-instruct-q4_K_M-N2000,log:G4,0.98,0.05,1000,0,1000,0,1.0,1.0,0.0,1998.0
llama3.1:8b-instruct-q4_K_M-N2000,log:G4,0.98,0.1,1000,0,1000,0,1.0,1.0,0.0,1998.0
llama3.1:8b-instruct-q4_K_M-N2000,log:G5,0.8,0.01,1000,0,1000,0,1.0,1.0,0.0,2000.0
llama3.1:8b-instruct-q4_K_M-N2000,log:G5,0.8,0.05,1000,0,1000,0,1.0,1.0,0.0,2000.0
llama3.1:8b-instruct-q4_K_M-N2000,log:G5,0.8,0.1,1000,0,1000,0,1.0,1.0,0.0,2000.0
llama3.1:8b-instruct-q4_K_M-N2000,log:G5,0.9,0.01,1000,0,1000,0,1.0,1.0,0.0,2000.0
llama3.1:8b-instruct-q4_K_M-N2000,log:G5,0.9,0.05,1000,0,1000,0,1.0,1.0,0.0,2000.0
llama3.1:8b-instruct-q4_K_M-N2000,log:G5,0.9,0.1,1000,0,1000,0,1.0,1.0,0.0,2000.0
llama3.1:8b-instruct-q4_K_M-N2000,log:G5,0.95,0.01,1000,0,1000,0,1.0,1.0,0.0,2000.0
llama3.1:8b-instruct-q4_K_M-N2000,log:G5,0.95,0.05,1000,0,1000,0,1.0,1.0,0.0,2000.0
llama3.1:8b-instruct-q4_K_M-N2000,log:G5,0.95,0.1,1000,0,1000,0,1.0,1.0,0.0,2000.0
llama3.1:8b-instruct-q4_K_M-N2000,log:G5,0.98,0.01,1000,0,1000,0,1.0,1.0,0.0,2000.0
llama3.1:8b-instruct-q4_K_M-N2000,log:G5,0.98,0.05,1000,0,1000,0,1.0,1.0,0.0,2000.0
llama3.1:8b-instruct-q4_K_M-N2000,log:G5,0.98,0.1,1000,0,1000,0,1.0,1.0,0.0,2000.0
llama3.1:8b-instruct-q4_K_M-N2000,log:H2,0.8,0.01,1000,0,1000,0,0.8611111111111108,1.0,0.13888888888888884,323.0
llama3.1:8b-instruct-q4_K_M-N2000,log:H2,0.8,0.05,1000,0,1000,0,0.853211009174312,1.0,0.14678899082568808,252.0
llama3.1:8b-instruct-q4_K_M-N2000,log:H2,0.8,0.1,1000,0,1000,0,0.853211009174312,1.0,0.14678899082568808,222.0
llama3.1:8b-instruct-q4_K_M-N2000,log:H2,0.9,0.01,1000,0,1000,0,0.9587628865979382,1.0,0.04123711340206182,681.0
llama3.1:8b-instruct-q4_K_M-N2000,log:H2,0.9,0.05,1000,0,1000,0,0.9489795918367352,1.0,0.05102040816326525,520.0
llama3.1:8b-instruct-q4_K_M-N2000,log:H2,0.9,0.1,1000,0,1000,0,0.9489795918367352,1.0,0.05102040816326525,451.0
llama3.1:8b-instruct-q4_K_M-N2000,log:H2,0.95,0.01,1000,0,1000,0,1.0,1.0,0.0,872.0
llama3.1:8b-instruct-q4_K_M-N2000,log:H2,0.95,0.05,1000,0,1000,0,1.0,1.0,0.0,872.0
llama3.1:8b-instruct-q4_K_M-N2000,log:H2,0.95,0.1,1000,0,1000,0,1.0,1.0,0.0,872.0
llama3.1:8b-instruct-q4_K_M-N2000,log:H2,0.98,0.01,1000,0,1000,0,1.0,1.0,0.0,872.0
llama3.1:8b-instruct-q4_K_M-N2000,log:H2,0.98,0.05,1000,0,1000,0,1.0,1.0,0.0,872.0
llama3.1:8b-instruct-q4_K_M-N2000,log:H2,0.98,0.1,1000,0,1000,0,1.0,1.0,0.0,872.0
llama3.1:8b-instruct-q4_K_M-N2000,log:H3,0.8,0.01,1000,0,1000,0,1.0,1.0,0.0,841.0
llama3.1:8b-instruct-q4_K_M-N2000,log:H3,0.8,0.05,1000,0,1000,0,1.0,1.0,0.0,841.0
llama3.1:8b-instruct-q4_K_M-N2000,log:H3,0.8,0.1,1000,0,1000,0,1.0,1.0,0.0,841.0
llama3.1:8b-instruct-q4_K_M-N2000,log:H3,0.9,0.01,1000,0,1000,0,1.0,1.0,0.0,841.0
llama3.1:8b-instruct-q4_K_M-N2000,log:H3,0.9,0.05,1000,0,1000,0,1.0,1.0,0.0,841.0
llama3.1:8b-instruct-q4_K_M-N2000,log:H3,0.9,0.1,1000,0,1000,0,1.0,1.0,0.0,841.0
llama3.1:8b-instruct-q4_K_M-N2000,log:H3,0.95,0.01,1000,0,1000,0,1.0,1.0,0.0,841.0
llama3.1:8b-instruct-q4_K_M-N2000,log:H3,0.95,0.05,1000,0,1000,0,1.0,1.0,0.0,841.0
llama3.1:8b-instruct-q4_K_M-N2000,log:H3,0.95,0.1,1000,0,1000,0,1.0,1.0,0.0,841.0
llama3.1:8b-instruct-q4_K_M-N2000,log:H3,0.98,0.01,1000,0,1000,0,1.0,1.0,0.0,841.0
llama3.1:8b-instruct-q4_K_M-N2000,log:H3,0.98,0.05,1000,0,1000,0,1.0,1.0,0.0,841.0
llama3.1:8b-instruct-q4_K_M-N2000,log:H3,0.98,0.1,1000,0,1000,0,1.0,1.0,0.0,841.0
llama3.1:8b-instruct-q4_K_M-N2000,log:H4,0.8,0.01,1000,0,1000,0,0.8568056057866186,0.9838478260869566,0.12704222030033807,424.788
llama3.1:8b-instruct-q4_K_M-N2000,log:H4,0.8,0.05,1000,0,1000,0,0.9133584905660378,0.9875217391304347,0.07416324856439702,627.62
llama3.1:8b-instruct-q4_K_M-N2000,log:H4,0.8,0.1,1000,0,1000,0,0.8971875,0.985695652173913,0.08850815217391303,536.774
llama3.1:8b-instruct-q4_K_M-N2000,log:H4,0.9,0.01,1000,0,1000,0,0.9202188040530898,0.9891159420289856,0.06889713797589574,605.0
llama3.1:8b-instruct-q4_K_M-N2000,log:H4,0.9,0.05,1000,0,1000,0,0.945039010067114,0.9880652173913045,0.043026207324190276,665.0
llama3.1:8b-instruct-q4_K_M-N2000,log:H4,0.9,0.1,1000,0,1000,0,0.937952183908046,0.98668115942029,0.048728975512243936,585.56
llama3.1:8b-instruct-q4_K_M-N2000,log:H4,0.95,0.01,1000,0,1000,0,1.0,1.0,0.0,1127.0
llama3.1:8b-instruct-q4_K_M-N2000,log:H4,0.95,0.05,1000,12,1000,0,0.9696243873550138,0.9949927536231885,0.02536836626817464,888.0
llama3.1:8b-instruct-q4_K_M-N2000,log:H4,0.95,0.1,1000,0,1000,0,0.9600336950905166,0.9925724637681161,0.032538768677599264,762.0
llama3.1:8b-instruct-q4_K_M-N2000,log:H4,0.98,0.01,1000,0,1000,0,1.0,1.0,0.0,1127.0
llama3.1:8b-instruct-q4_K_M-N2000,log:H4,0.98,0.05,1000,0,1000,0,1.0,1.0,0.0,1127.0
llama3.1:8b-instruct-q4_K_M-N2000,log:H4,0.98,0.1,1000,0,1000,0,1.0,1.0,0.0,1127.0
llama3.1:8b-instruct-q4_K_M-N2000,log:H5,0.8,0.01,1000,0,1000,0,0.948589597694861,0.9974324324324325,0.048842834737571623,756.0
llama3.1:8b-instruct-q4_K_M-N2000,log:H5,0.8,0.05,1000,0,1000,0,0.8714270233155208,0.9857297297297298,0.11430270641420895,575.0
llama3.1:8b-instruct-q4_K_M-N2000,log:H5,0.8,0.1,1000,0,1000,0,0.8574635364635366,0.9785675675675677,0.12110403110403115,498.0
llama3.1:8b-instruct-q4_K_M-N2000,log:H5,0.9,0.01,1000,0,1000,0,1.0,1.0,0.0,794.0
llama3.1:8b-instruct-q4_K_M-N2000,log:H5,0.9,0.05,1000,0,1000,0,1.0,1.0,0.0,794.0
llama3.1:8b-instruct-q4_K_M-N2000,log:H5,0.9,0.1,1000,0,1000,0,1.0,1.0,0.0,794.0
llama3.1:8b-instruct-q4_K_M-N2000,log:H5,0.95,0.01,1000,0,1000,0,1.0,1.0,0.0,794.0
llama3.1:8b-instruct-q4_K_M-N2000,log:H5,0.95,0.05,1000,0,1000,0,1.0,1.0,0.0,794.0
llama3.1:8b-instruct-q4_K_M-N2000,log:H5,0.95,0.1,1000,0,1000,0,1.0,1.0,0.0,794.0
llama3.1:8b-instruct-q4_K_M-N2000,log:H5,0.98,0.01,1000,0,1000,0,1.0,1.0,0.0,794.0
llama3.1:8b-instruct-q4_K_M-N2000,log:H5,0.98,0.05,1000,0,1000,0,1.0,1.0,0.0,794.0
llama3.1:8b-instruct-q4_K_M-N2000,log:H5,0.98,0.1,1000,0,1000,0,1.0,1.0,0.0,794.0
llama3.1:8b-instruct-q4_K_M-N2000,log:H6,0.8,0.01,1000,1,1000,0,0.8100348377649582,0.8393732119635892,0.02933837419863088,1619.0
llama3.1:8b-instruct-q4_K_M-N2000,log:H6,0.8,0.05,1000,6,1000,0,0.9527308831895916,0.9714668400520157,0.018735956862423953,1565.31
llama3.1:8b-instruct-q4_K_M-N2000,log:H6,0.8,0.1,1000,15,1000,0,0.9446222698729106,0.9645825747724317,0.01996030489952111,1471.77
llama3.1:8b-instruct-q4_K_M-N2000,log:H6,0.9,0.01,1000,0,1000,0,1.0,1.0,0.0,1948.0
llama3.1:8b-instruct-q4_K_M-N2000,log:H6,0.9,0.05,1000,0,1000,0,1.0,1.0,0.0,1948.0
llama3.1:8b-instruct-q4_K_M-N2000,log:H6,0.9,0.1,1000,0,1000,0,1.0,1.0,0.0,1948.0
llama3.1:8b-instruct-q4_K_M-N2000,log:H6,0.95,0.01,1000,0,1000,0,1.0,1.0,0.0,1948.0
llama3.1:8b-instruct-q4_K_M-N2000,log:H6,0.95,0.05,1000,0,1000,0,1.0,1.0,0.0,1948.0
llama3.1:8b-instruct-q4_K_M-N2000,log:H6,0.95,0.1,1000,0,1000,0,1.0,1.0,0.0,1948.0
llama3.1:8b-instruct-q4_K_M-N2000,log:H6,0.98,0.01,1000,0,1000,0,1.0,1.0,0.0,1948.0
llama3.1:8b-instruct-q4_K_M-N2000,log:H6,0.98,0.05,1000,0,1000,0,1.0,1.0,0.0,1948.0
llama3.1:8b-instruct-q4_K_M-N2000,log:H6,0.98,0.1,1000,0,1000,0,1.0,1.0,0.0,1948.0
llama3.1:8b-instruct-q4_K_M-N2000,log:H7,0.8,0.01,1000,0,1000,0,0.8564424173390701,0.979210227272727,0.12276780993365721,337.935
llama3.1:8b-instruct-q4_K_M-N2000,log:H7,0.8,0.05,1000,0,1000,0,0.9146249406243365,0.9854829545454545,0.07085801392111807,576.934
llama3.1:8b-instruct-q4_K_M-N2000,log:H7,0.8,0.1,1000,0,1000,0,0.9018388102790025,0.9830397727272725,0.08120096244827044,484.726
llama3.1:8b-instruct-q4_K_M-N2000,log:H7,0.9,0.01,1000,0,1000,0,0.9306979607585526,0.984494318181818,0.05379635742326539,554.711
llama3.1:8b-instruct-q4_K_M-N2000,log:H7,0.9,0.05,1000,0,1000,0,0.9453926963023717,0.9852045454545454,0.039811849152173916,592.468
llama3.1:8b-instruct-q4_K_M-N2000,log:H7,0.9,0.1,1000,0,1000,0,0.9731259290845913,0.9917045454545452,0.018578616369954237,812.034
llama3.1:8b-instruct-q4_K_M-N2000,log:H7,0.95,0.01,1000,0,1000,0,0.9658112212514489,0.9937613636363635,0.027950142384914587,831.0
llama3.1:8b-instruct-q4_K_M-N2000,log:H7,0.95,0.05,1000,12,1000,0,0.9666859170922949,0.9890965909090907,0.022410673816796036,727.338
llama3.1:8b-instruct-q4_K_M-N2000,log:H7,0.95,0.1,1000,0,1000,0,0.9726761546885629,0.9891079545454545,0.016431799856891475,745.143
llama3.1:8b-instruct-q4_K_M-N2000,log:H7,0.98,0.01,1000,0,1000,0,1.0,1.0,0.0,1052.0
llama3.1:8b-instruct-q4_K_M-N2000,log:H7,0.98,0.05,1000,0,1000,0,1.0,1.0,0.0,1052.0
llama3.1:8b-instruct-q4_K_M-N2000,log:H7,0.98,0.1,1000,0,1000,0,1.0,1.0,0.0,1052.0
llama3.1:8b-instruct-q4_K_M-N2000,log:H8,0.8,0.01,1000,0,1000,0,0.8535232323232324,0.9928505747126437,0.13932734238941133,739.0
llama3.1:8b-instruct-q4_K_M-N2000,log:H8,0.8,0.05,1000,0,1000,0,0.8465820560747662,0.991793103448276,0.14521104737350954,564.0
llama3.1:8b-instruct-q4_K_M-N2000,log:H8,0.8,0.1,1000,0,1000,0,0.8456447100317507,0.9911149425287358,0.14547023249698482,489.51
llama3.1:8b-instruct-q4_K_M-N2000,log:H8,0.9,0.01,1000,0,1000,0,0.9579808618347945,0.9978275862068965,0.039846724372102085,1611.0
llama3.1:8b-instruct-q4_K_M-N2000,log:H8,0.9,0.05,1000,0,1000,0,0.9429505376344086,0.9957241379310346,0.0527736002966259,1217.0
llama3.1:8b-instruct-q4_K_M-N2000,log:H8,0.9,0.1,1000,0,1000,0,0.9337929338639701,0.9947586206896553,0.06096568682568498,1053.788
llama3.1:8b-instruct-q4_K_M-N2000,log:H8,0.95,0.01,1000,0,1000,0,1.0,1.0,0.0,1920.0
llama3.1:8b-instruct-q4_K_M-N2000,log:H8,0.95,0.05,1000,0,1000,0,1.0,1.0,0.0,1920.0
llama3.1:8b-instruct-q4_K_M-N2000,log:H8,0.95,0.1,1000,0,1000,0,1.0,1.0,0.0,1916.0
llama3.1:8b-instruct-q4_K_M-N2000,log:H8,0.98,0.01,1000,0,1000,0,1.0,1.0,0.0,1920.0
llama3.1:8b-instruct-q4_K_M-N2000,log:H8,0.98,0.05,1000,0,1000,0,1.0,1.0,0.0,1920.0
llama3.1:8b-instruct-q4_K_M-N2000,log:H8,0.98,0.1,1000,0,1000,0,1.0,1.0,0.0,1916.0
llama3.1:8b-instruct-q4_K_M-N2000,log:H9,0.8,0.01,1000,0,1000,0,1.0,1.0,0.0,805.0
llama3.1:8b-instruct-q4_K_M-N2000,log:H9,0.8,0.05,1000,0,1000,0,1.0,1.0,0.0,805.0
llama3.1:8b-instruct-q4_K_M-N2000,log:H9,0.8,0.1,1000,0,1000,0,1.0,1.0,0.0,805.0
llama3.1:8b-instruct-q4_K_M-N2000,log:H9,0.9,0.01,1000,0,1000,0,1.0,1.0,0.0,805.0
llama3.1:8b-instruct-q4_K_M-N2000,log:H9,0.9,0.05,1000,0,1000,0,1.0,1.0,0.0,805.0
llama3.1:8b-instruct-q4_K_M-N2000,log:H9,0.9,0.1,1000,0,1000,1,1.0,1.0,0.0,804.971
llama3.1:8b-instruct-q4_K_M-N2000,log:H9,0.95,0.01,1000,0,1000,0,1.0,1.0,0.0,805.0
llama3.1:8b-instruct-q4_K_M-N2000,log:H9,0.95,0.05,1000,0,1000,0,1.0,1.0,0.0,805.0
llama3.1:8b-instruct-q4_K_M-N2000,log:H9,0.95,0.1,1000,0,1000,1,1.0,1.0,0.0,804.971
llama3.1:8b-instruct-q4_K_M-N2000,log:H9,0.98,0.01,1000,0,1000,0,1.0,1.0,0.0,805.0
llama3.1:8b-instruct-q4_K_M-N2000,log:H9,0.98,0.05,1000,0,1000,0,1.0,1.0,0.0,805.0
llama3.1:8b-instruct-q4_K_M-N2000,log:H9,0.98,0.1,1000,0,1000,1,1.0,1.0,0.0,804.971
llama3.1:8b-instruct-q4_K_M-N2000,log:H10,0.8,0.01,1000,0,1000,0,0.9424204947849601,0.9447329545454545,0.0023124597604944758,1239.682
llama3.1:8b-instruct-q4_K_M-N2000,log:H10,0.8,0.05,1000,0,1000,0,0.9398391868400722,0.9421960227272727,0.002356835887200633,1238.77
llama3.1:8b-instruct-q4_K_M-N2000,log:H10,0.8,0.1,1000,0,1000,0,0.938586925379861,0.9409886363636363,0.0024017109837754466,1238.327
llama3.1:8b-instruct-q4_K_M-N2000,log:H10,0.9,0.01,1000,0,1000,0,0.955599375482874,0.9573323863636365,0.0017330108807622928,1244.342
llama3.1:8b-instruct-q4_K_M-N2000,log:H10,0.9,0.05,1000,0,1000,0,0.9493928582925574,0.9514119318181817,0.0020190735256245124,1242.148
llama3.1:8b-instruct-q4_K_M-N2000,log:H10,0.9,0.1,1000,0,1000,0,0.9468482004893125,0.9489744318181818,0.00212623132886943,1241.248
llama3.1:8b-instruct-q4_K_M-N2000,log:H10,0.95,0.01,1000,0,1000,0,0.9819961852948751,0.982778409090909,0.0007822237960339924,1253.657
llama3.1:8b-instruct-q4_K_M-N2000,log:H10,0.95,0.05,1000,0,1000,0,0.9688275656708729,0.9701392045454545,0.001311638874581509,1249.012
llama3.1:8b-instruct-q4_K_M-N2000,log:H10,0.95,0.1,1000,0,1000,0,0.9644316572237961,0.9658409090909091,0.0014092518671130572,1247.461
llama3.1:8b-instruct-q4_K_M-N2000,log:H10,0.98,0.01,1000,0,1000,0,1.0,1.0,0.0,1260.0
llama3.1:8b-instruct-q4_K_M-N2000,log:H10,0.98,0.05,1000,0,1000,0,1.0,1.0,0.0,1260.0
llama3.1:8b-instruct-q4_K_M-N2000,log:H10,0.98,0.1,1000,0,1000,0,1.0,1.0,0.0,1260.0
