head,bin_lo,bin_hi,n,mean_conf,mean_acc
threshold,0.3,0.4,8,0.3325404152274132,0.25
threshold,0.4,0.5,8,0.4459257423877716,0.125
threshold,0.5,0.6,4,0.5470439940690994,0.5
threshold,0.7,0.8,14,0.751532141651426,0.07142857142857142
threshold,0.8,0.9,35,0.8591742294175284,0.2857142857142857
threshold,0.9,1.0,331,0.9812806713256951,0.4561933534743202
calibrated,0.3,0.4,9,0.3606044914987352,0.4444444444444444
calibrated,0.4,0.5,12,0.4431489383180936,0.25
calibrated,0.5,0.6,123,0.5464717542252889,0.6016260162601627
calibrated,0.6,0.7,4,0.6464506536722183,0.25
calibrated,0.7,0.8,22,0.7581144354560159,0.6363636363636364
calibrated,0.8,0.9,95,0.8599641831297623,0.8842105263157894
calibrated,0.9,1.0,135,0.9365864956820452,0.8222222222222222
