overlap,rep,seed,n_queries,frac_exact_repeat,frac_equiv_prior,frac_containment_prior,frac_disjoint_prior,frac_any_relation_prior,mean_selectivity,corpus,n_rows
0.0,0,0,120,0.7166666666666667,0.8833333333333333,0.125,0.9916666666666667,0.9916666666666667,0.14852848698276944,20ng-sub7951,7951
0.0,1,1,120,0.7583333333333333,0.9166666666666666,0.125,0.9916666666666667,0.9916666666666667,0.1433436045780405,20ng-sub7951,7951
0.0,2,2,120,0.725,0.875,0.10833333333333334,0.9916666666666667,0.9916666666666667,0.1439252924160483,20ng-sub7951,7951
0.2,0,0,120,0.625,0.7833333333333333,0.4083333333333333,0.9916666666666667,0.9916666666666667,0.14187209156080996,20ng-sub7951,7951
0.2,1,1,120,0.6333333333333333,0.7833333333333333,0.7333333333333333,0.9916666666666667,0.9916666666666667,0.12766947553766822,20ng-sub7951,7951
0.2,2,2,120,0.6583333333333333,0.8416666666666667,0.44166666666666665,0.9916666666666667,0.9916666666666667,0.1427703014295896,20ng-sub7951,7951
0.4,0,0,120,0.525,0.6666666666666666,0.725,0.9916666666666667,0.9916666666666667,0.12772083176120405,20ng-sub7951,7951
0.4,1,1,120,0.525,0.7166666666666667,0.6916666666666667,0.9916666666666667,0.9916666666666667,0.1164015008594307,20ng-sub7951,7951
0.4,2,2,120,0.5583333333333333,0.7666666666666667,0.6083333333333333,0.9916666666666667,0.9916666666666667,0.12389636523707709,20ng-sub7951,7951
0.6,0,0,120,0.375,0.6083333333333333,0.8666666666666667,0.9916666666666667,0.9916666666666667,0.11068628684022976,20ng-sub7951,7951
0.6,1,1,120,0.4583333333333333,0.6083333333333333,0.75,0.9916666666666667,0.9916666666666667,0.1143053284702134,20ng-sub7951,7951
0.6,2,2,120,0.49166666666666664,0.6083333333333333,0.7416666666666667,0.9916666666666667,0.9916666666666667,0.11389447868192679,20ng-sub7951,7951
0.8,0,0,120,0.30833333333333335,0.5,0.825,0.9916666666666667,0.9916666666666667,0.09696264620802415,20ng-sub7951,7951
0.8,1,1,120,0.48333333333333334,0.6333333333333333,0.8666666666666667,0.9916666666666667,0.9916666666666667,0.09508028340250702,20ng-sub7951,7951
0.8,2,2,120,0.4083333333333333,0.6333333333333333,0.925,0.975,0.9916666666666667,0.09066574435081541,20ng-sub7951,7951
0.95,0,0,120,0.4083333333333333,0.5333333333333333,0.9333333333333333,0.9333333333333333,0.9916666666666667,0.08129690185720874,20ng-sub7951,7951
0.95,1,1,120,0.35,0.5333333333333333,0.8916666666666667,0.9666666666666667,0.9916666666666667,0.09376283905588395,20ng-sub7951,7951
0.95,2,2,120,0.35,0.5166666666666667,0.8833333333333333,0.975,0.9916666666666667,0.09297572632373287,20ng-sub7951,7951
