overlap,method,mean_calls,call_reduction,macro_recall,macro_precision,bound_violations,n_bounded,corpus,n_rows,n_queries,repeats,target_recall,seed
0.0,semreuse,113781.33333333333,8.385558263804256,1.0,1.0,0,248,20ng-sub7951,7951,120,3,0.9,0
0.0,semreuse-gt,52097.0,18.314298328118703,1.0,1.0,0,349,20ng-sub7951,7951,120,3,0.9,0
0.0,embed@0.9,254432.0,3.75,1.0,1.0,0,0,20ng-sub7951,7951,120,3,0.9,0
0.2,semreuse,190102.33333333334,5.018981004967499,1.0,1.0,0,257,20ng-sub7951,7951,120,3,0.9,0
0.2,semreuse-gt,84935.0,11.23353152410667,1.0,1.0,0,348,20ng-sub7951,7951,120,3,0.9,0
0.2,embed@0.9,344543.3333333333,2.7692307692307696,1.0,1.0,0,0,20ng-sub7951,7951,120,3,0.9,0
0.4,semreuse,259382.66666666666,3.6784262119802404,1.0,1.0,0,266,20ng-sub7951,7951,120,3,0.9,0
0.4,semreuse-gt,109465.0,8.716210660941854,1.0,1.0,0,350,20ng-sub7951,7951,120,3,0.9,0
0.4,embed@0.9,439955.3333333333,2.1686746987951806,1.0,1.0,0,0,20ng-sub7951,7951,120,3,0.9,0
0.6,semreuse,315063.6666666667,3.0283403037058116,1.0,1.0,0,277,20ng-sub7951,7951,120,3,0.9,0
0.6,semreuse-gt,151183.33333333334,6.311013118730019,1.0,1.0,0,350,20ng-sub7951,7951,120,3,0.9,0
0.6,embed@0.9,532717.0,1.791044776119403,1.0,1.0,0,0,20ng-sub7951,7951,120,3,0.9,0
0.8,semreuse,336597.3333333333,2.8346035619216634,1.0,1.0,0,292,20ng-sub7951,7951,120,3,0.9,0
0.8,semreuse-gt,169989.66666666666,5.612811759146145,1.0,1.0,0,349,20ng-sub7951,7951,120,3,0.9,0
0.8,embed@0.9,561870.6666666666,1.6981132075471699,0.9985204911969227,0.994986243845931,0,0,20ng-sub7951,7951,120,3,0.9,0
0.95,semreuse,356378.0,2.6772696406624426,1.0,1.0,0,299,20ng-sub7951,7951,120,3,0.9,0
0.95,semreuse-gt,198178.33333333334,4.81445163026567,1.0,1.0,0,350,20ng-sub7951,7951,120,3,0.9,0
0.95,embed@0.9,591024.3333333334,1.6143497757847534,0.9986111111111112,0.99818756636741,0,0,20ng-sub7951,7951,120,3,0.9,0
