entailment,config,total_calls,call_reduction,macro_recall,macro_precision,bound_violations,n_bounded,nli_scores,corpus,n_rows,n_queries,overlap,seed
nli,superset-only,534543,1.7849265634383016,1.0,1.0,0,61,6806,20ng-sub7951,7951,120,0.8,0
nli,union-only,638432,1.4944739612049522,1.0,1.0,0,87,0,20ng-sub7951,7951,120,0.8,0
nli,disjoint-only,659933,1.4457831325301205,1.0,1.0,0,0,0,20ng-sub7951,7951,120,0.8,0
nli,superset+union,421507,2.2635923009582286,1.0,1.0,0,100,0,20ng-sub7951,7951,120,0.8,0
nli,full,421507,2.2635923009582286,1.0,1.0,0,100,0,20ng-sub7951,7951,120,0.8,0
nli,none,659933,1.4457831325301205,1.0,1.0,0,0,0,20ng-sub7951,7951,120,0.8,0
gt,superset-only,351669,2.71311943901794,1.0,1.0,0,74,0,20ng-sub7951,7951,120,0.8,0
gt,union-only,625650,1.5250059937664828,1.0,1.0,0,74,0,20ng-sub7951,7951,120,0.8,0
gt,disjoint-only,405773,2.3513639399368613,1.0,1.0,0,114,0,20ng-sub7951,7951,120,0.8,0
gt,superset+union,322878,2.955048036719752,1.0,1.0,0,99,0,20ng-sub7951,7951,120,0.8,0
gt,full,213980,4.458921394522853,1.0,1.0,0,114,0,20ng-sub7951,7951,120,0.8,0
gt,none,659933,1.4457831325301205,1.0,1.0,0,0,0,20ng-sub7951,7951,120,0.8,0
