n_rows,method,total_calls,candidate_calls,audit_calls,escalation_calls,call_reduction,macro_recall,macro_precision,bound_violations,n_bounded,corpus,n_queries,overlap,target_recall,seed
500,semreuse,15731,10450,1910,3371,1.2713749920539064,1.0,1.0,0,26,20ng-sub500,40,0.8,0.9,0
500,semreuse-gt,15302,4975,2477,7850,1.3070186903672723,1.0,1.0,0,38,20ng-sub500,40,0.8,0.9,0
1000,semreuse,29952,20900,3007,6045,1.3354700854700854,1.0,1.0,0,26,20ng-sub1000,40,0.8,0.9,0
1000,semreuse-gt,25299,9950,11949,3400,1.581090161666469,1.0,1.0,0,38,20ng-sub1000,40,0.8,0.9,0
2000,semreuse,56515,41800,4920,9795,1.4155533929045385,1.0,1.0,0,26,20ng-sub2000,40,0.8,0.9,0
2000,semreuse-gt,35662,19900,15762,0,2.2432841680219844,1.0,1.0,0,38,20ng-sub2000,40,0.8,0.9,0
4000,semreuse,109451,83600,4956,20895,1.4618413719381276,1.0,1.0,0,26,20ng-sub4000,40,0.8,0.9,0
4000,semreuse-gt,55653,39800,15853,0,2.8749573248522093,1.0,1.0,0,38,20ng-sub4000,40,0.8,0.9,0
7951,semreuse,214068,166122,5206,42740,1.4856961339387484,1.0,1.0,0,26,20ng-sub7951,40,0.8,0.9,0
7951,semreuse-gt,95528,79453,16075,0,3.3292856544678,1.0,1.0,0,38,20ng-sub7951,40,0.8,0.9,0
