query_index,predicate_name,predicate_text,reuse_kind,oracle_calls,candidate_calls,audit_calls,escalation_calls,nli_pair_scores,precision,recall,f1,n_true_pos_rows,recall_bound,bound_violated,precision_bound,precision_bound_violated,latency_s,recall_oracle,bound_violated_oracle,method,corpus,n_rows,seed
0,group:motor vehicles#t0,The document is about motor vehicles.,proxy-cascade,7951,1050,478,6423,0,1.0,1.0,1.0,800,1.0,False,1.0,False,0.005649915983667597,1.0,False,proxy,20ng-sub7951,7951,0
1,group:religion#t3,This article covers the topic of religion.,proxy-cascade,7951,1212,354,6385,0,1.0,1.0,1.0,1151,1.0,False,1.0,False,0.006680457998299971,1.0,False,proxy,20ng-sub7951,7951,0
2,leaf:religious debate#t0,The document is about religious debate.,proxy-cascade,7951,650,2857,4444,0,1.0,1.0,1.0,351,1.0,False,1.0,False,0.006378917023539543,1.0,False,proxy,20ng-sub7951,7951,0
3,group:politics#t1,This text discusses politics.,proxy-cascade,7951,1382,332,6237,0,1.0,1.0,1.0,1200,1.0,False,1.0,False,0.006678291974822059,1.0,False,proxy,20ng-sub7951,7951,0
4,union:gun control|medicine#u0,The document is about gun control or about medicine.,proxy-cascade,7951,1177,534,6240,0,1.0,1.0,1.0,800,1.0,False,1.0,False,0.005693125014659017,1.0,False,proxy,20ng-sub7951,7951,0
5,group:motor vehicles#t0,The document is about motor vehicles.,proxy-cascade,7951,1811,345,5795,0,1.0,1.0,1.0,800,1.0,False,1.0,False,0.0027092089876532555,1.0,False,proxy,20ng-sub7951,7951,0
6,group:politics#t1,This text discusses politics.,proxy-cascade,7951,2190,219,5542,0,1.0,1.0,1.0,1200,1.0,False,1.0,False,0.002651916991453618,1.0,False,proxy,20ng-sub7951,7951,0
7,group:religion#t0,The document is about religion.,proxy-cascade,7951,1646,266,6039,0,1.0,1.0,1.0,1151,1.0,False,1.0,False,0.0066995000233873725,1.0,False,proxy,20ng-sub7951,7951,0
8,leaf:political debate#t1,This text discusses political debate.,proxy-cascade,7951,474,4000,3477,0,1.0,1.0,1.0,400,1.0,False,1.0,False,0.005124791990965605,1.0,False,proxy,20ng-sub7951,7951,0
9,group:sports#t1,This text discusses sports.,proxy-cascade,7951,1049,419,6483,0,1.0,1.0,1.0,800,1.0,False,1.0,False,0.006098708981880918,1.0,False,proxy,20ng-sub7951,7951,0
10,group:science#t1,This text discusses science.,proxy-cascade,7951,1753,232,5966,0,1.0,1.0,1.0,1600,1.0,False,1.0,False,0.005924917000811547,1.0,False,proxy,20ng-sub7951,7951,0
11,leaf:hockey#t1,This text discusses hockey.,proxy-cascade,7951,661,1095,6195,0,1.0,1.0,1.0,400,1.0,False,1.0,False,0.006621459004236385,1.0,False,proxy,20ng-sub7951,7951,0
12,leaf:religious debate#t2,The passage is related to religious debate.,proxy-cascade,7951,568,3781,3602,0,1.0,1.0,1.0,351,1.0,False,1.0,False,0.005555499985348433,1.0,False,proxy,20ng-sub7951,7951,0
13,leaf:political debate#t0,The document is about political debate.,proxy-cascade,7951,425,4000,3526,0,1.0,1.0,1.0,400,1.0,False,1.0,False,0.006055167003069073,1.0,False,proxy,20ng-sub7951,7951,0
14,leaf:items for sale#t3,This article covers the topic of items for sale.,proxy-cascade,7951,651,1401,5899,0,1.0,1.0,1.0,400,1.0,False,1.0,False,0.006036667007720098,1.0,False,proxy,20ng-sub7951,7951,0
15,leaf:Christianity#t3,This article covers the topic of Christianity.,proxy-cascade,7951,671,1606,5674,0,1.0,1.0,1.0,400,1.0,False,1.0,False,0.004961208993336186,1.0,False,proxy,20ng-sub7951,7951,0
16,union:electronics|hockey#u0,The document is about electronics or about hockey.,proxy-cascade,7951,773,855,6323,0,1.0,1.0,1.0,800,1.0,False,1.0,False,0.006486124999355525,1.0,False,proxy,20ng-sub7951,7951,0
17,group:science#t2,The passage is related to science.,proxy-cascade,7951,2098,202,5651,0,1.0,1.0,1.0,1600,1.0,False,1.0,False,0.0072463749966118485,1.0,False,proxy,20ng-sub7951,7951,0
18,group:computers#t1,This text discusses computers.,proxy-cascade,7951,2222,145,5584,0,1.0,1.0,1.0,2000,1.0,False,1.0,False,0.008037040999624878,1.0,False,proxy,20ng-sub7951,7951,0
19,union:Macintosh hardware|items for sale#u1,This text discusses either Macintosh hardware or items for sale.,proxy-cascade,7951,1145,549,6257,0,1.0,1.0,1.0,800,1.0,False,1.0,False,0.00627695900038816,1.0,False,proxy,20ng-sub7951,7951,0
20,group:motor vehicles#t3,This article covers the topic of motor vehicles.,proxy-cascade,7951,973,529,6449,0,1.0,1.0,1.0,800,1.0,False,1.0,False,0.006767166982172057,1.0,False,proxy,20ng-sub7951,7951,0
21,group:sports#t3,This article covers the topic of sports.,proxy-cascade,7951,1022,436,6493,0,1.0,1.0,1.0,800,1.0,False,1.0,False,0.006087541987653822,1.0,False,proxy,20ng-sub7951,7951,0
22,group:motor vehicles#t3,This article covers the topic of motor vehicles.,proxy-cascade,7951,1249,411,6291,0,1.0,1.0,1.0,800,1.0,False,1.0,False,0.0023066250141710043,1.0,False,proxy,20ng-sub7951,7951,0
23,group:motor vehicles#t3,This article covers the topic of motor vehicles.,proxy-cascade,7951,1345,393,6213,0,1.0,1.0,1.0,800,1.0,False,1.0,False,0.002294541976880282,1.0,False,proxy,20ng-sub7951,7951,0
24,union:PC hardware|cryptography#u0,The document is about PC hardware or about cryptography.,proxy-cascade,7951,1028,641,6282,0,1.0,1.0,1.0,800,1.0,False,1.0,False,0.005804833985166624,1.0,False,proxy,20ng-sub7951,7951,0
25,leaf:political debate#t1,This text discusses political debate.,proxy-cascade,7951,1323,941,5687,0,1.0,1.0,1.0,400,1.0,False,1.0,False,0.0020972079946659505,1.0,False,proxy,20ng-sub7951,7951,0
26,union:Macintosh hardware|space exploration#u1,This text discusses either Macintosh hardware or space exploration.,proxy-cascade,7951,745,1240,5966,0,1.0,1.0,1.0,800,1.0,False,1.0,False,0.005989500001305714,1.0,False,proxy,20ng-sub7951,7951,0
27,leaf:baseball#t2,The passage is related to baseball.,proxy-cascade,7951,581,1600,5770,0,1.0,1.0,1.0,400,1.0,False,1.0,False,0.006946624984266236,1.0,False,proxy,20ng-sub7951,7951,0
28,group:computers#t0,The document is about computers.,proxy-cascade,7951,2075,157,5719,0,1.0,1.0,1.0,2000,1.0,False,1.0,False,0.007572875008918345,1.0,False,proxy,20ng-sub7951,7951,0
29,leaf:baseball#t3,This article covers the topic of baseball.,proxy-cascade,7951,707,1061,6183,0,1.0,1.0,1.0,400,1.0,False,1.0,False,0.006922125001437962,1.0,False,proxy,20ng-sub7951,7951,0
30,leaf:electronics#t0,The document is about electronics.,proxy-cascade,7951,596,2294,5061,0,1.0,1.0,1.0,400,1.0,False,1.0,False,0.006882584013510495,1.0,False,proxy,20ng-sub7951,7951,0
31,union:PC hardware|items for sale#u1,This text discusses either PC hardware or items for sale.,proxy-cascade,7951,1245,517,6189,0,1.0,1.0,1.0,800,1.0,False,1.0,False,0.006459875003201887,1.0,False,proxy,20ng-sub7951,7951,0
32,union:computer graphics|motorcycles#u0,The document is about computer graphics or about motorcycles.,proxy-cascade,7951,1220,555,6176,0,1.0,1.0,1.0,800,1.0,False,1.0,False,0.007030375010799617,1.0,False,proxy,20ng-sub7951,7951,0
33,union:Macintosh hardware|electronics#u0,The document is about Macintosh hardware or about electronics.,proxy-cascade,7951,1172,631,6148,0,1.0,1.0,1.0,800,1.0,False,1.0,False,0.006026124989148229,1.0,False,proxy,20ng-sub7951,7951,0
34,group:computers#t1,This text discusses computers.,proxy-cascade,7951,3263,98,4590,0,1.0,1.0,1.0,2000,1.0,False,1.0,False,0.0032343750062864274,1.0,False,proxy,20ng-sub7951,7951,0
35,group:religion#t1,This text discusses religion.,proxy-cascade,7951,1138,376,6437,0,1.0,1.0,1.0,1151,1.0,False,1.0,False,0.006004333001328632,1.0,False,proxy,20ng-sub7951,7951,0
36,group:computers#t0,The document is about computers.,proxy-cascade,7951,2979,106,4866,0,1.0,1.0,1.0,2000,1.0,False,1.0,False,0.003273833019193262,1.0,False,proxy,20ng-sub7951,7951,0
37,union:Middle East affairs|items for sale#u1,This text discusses either Middle East affairs or items for sale.,proxy-cascade,7951,798,735,6418,0,1.0,1.0,1.0,800,1.0,False,1.0,False,0.006448208994697779,1.0,False,proxy,20ng-sub7951,7951,0
38,leaf:the Microsoft Windows operating system#t1,This text discusses the Microsoft Windows operating system.,proxy-cascade,7951,510,2661,4780,0,1.0,1.0,1.0,400,1.0,False,1.0,False,0.005385500000556931,1.0,False,proxy,20ng-sub7951,7951,0
39,group:sports#t2,The passage is related to sports.,proxy-cascade,7951,947,500,6504,0,1.0,1.0,1.0,800,1.0,False,1.0,False,0.005701459012925625,1.0,False,proxy,20ng-sub7951,7951,0
40,leaf:motorcycles#t0,The document is about motorcycles.,proxy-cascade,7951,581,1661,5709,0,1.0,1.0,1.0,400,1.0,False,1.0,False,0.007596540992381051,1.0,False,proxy,20ng-sub7951,7951,0
41,group:motor vehicles#t0,The document is about motor vehicles.,proxy-cascade,7951,1332,394,6225,0,1.0,1.0,1.0,800,1.0,False,1.0,False,0.002110166009515524,1.0,False,proxy,20ng-sub7951,7951,0
42,union:Christianity|political debate#u1,This text discusses either Christianity or political debate.,proxy-cascade,7951,1128,750,6073,0,1.0,1.0,1.0,800,1.0,False,1.0,False,0.0064529579831287265,1.0,False,proxy,20ng-sub7951,7951,0
43,group:motor vehicles#t2,The passage is related to motor vehicles.,proxy-cascade,7951,728,878,6345,0,1.0,1.0,1.0,800,1.0,False,1.0,False,0.005942082992987707,1.0,False,proxy,20ng-sub7951,7951,0
44,leaf:motorcycles#t2,The passage is related to motorcycles.,proxy-cascade,7951,621,1583,5747,0,1.0,1.0,1.0,400,1.0,False,1.0,False,0.007767583010718226,1.0,False,proxy,20ng-sub7951,7951,0
45,group:motor vehicles#t1,This text discusses motor vehicles.,proxy-cascade,7951,780,778,6393,0,1.0,1.0,1.0,800,1.0,False,1.0,False,0.006778124981792644,1.0,False,proxy,20ng-sub7951,7951,0
46,group:religion#t0,The document is about religion.,proxy-cascade,7951,1559,274,6118,0,1.0,1.0,1.0,1151,1.0,False,1.0,False,0.002792874991428107,1.0,False,proxy,20ng-sub7951,7951,0
47,group:sports#t3,This article covers the topic of sports.,proxy-cascade,7951,1755,327,5869,0,1.0,1.0,1.0,800,1.0,False,1.0,False,0.0023615410027559847,1.0,False,proxy,20ng-sub7951,7951,0
48,union:Macintosh hardware|cars#u1,This text discusses either Macintosh hardware or cars.,proxy-cascade,7951,826,991,6134,0,1.0,1.0,1.0,800,1.0,False,1.0,False,0.0056215410004369915,1.0,False,proxy,20ng-sub7951,7951,0
49,leaf:computer graphics#t1,This text discusses computer graphics.,proxy-cascade,7951,501,3552,3898,0,1.0,1.0,1.0,400,1.0,False,1.0,False,0.006867916992632672,1.0,False,proxy,20ng-sub7951,7951,0
50,union:atheism|hockey#u1,This text discusses either atheism or hockey.,proxy-cascade,7951,997,665,6289,0,1.0,1.0,1.0,800,1.0,False,1.0,False,0.00593937499797903,1.0,False,proxy,20ng-sub7951,7951,0
51,leaf:items for sale#t0,The document is about items for sale.,proxy-cascade,7951,541,2227,5183,0,1.0,1.0,1.0,400,1.0,False,1.0,False,0.005863667000085115,1.0,False,proxy,20ng-sub7951,7951,0
52,leaf:baseball#t0,The document is about baseball.,proxy-cascade,7951,753,944,6254,0,1.0,1.0,1.0,400,1.0,False,1.0,False,0.004784999997355044,1.0,False,proxy,20ng-sub7951,7951,0
53,union:hockey|motorcycles#u0,The document is about hockey or about motorcycles.,proxy-cascade,7951,814,728,6409,0,1.0,1.0,1.0,800,1.0,False,1.0,False,0.004934666998451576,1.0,False,proxy,20ng-sub7951,7951,0
54,group:politics#t0,The document is about politics.,proxy-cascade,7951,1546,298,6107,0,1.0,1.0,1.0,1200,1.0,False,1.0,False,0.005747291987063363,1.0,False,proxy,20ng-sub7951,7951,0
55,group:motor vehicles#t1,This text discusses motor vehicles.,proxy-cascade,7951,2684,288,4979,0,1.0,1.0,1.0,800,1.0,False,1.0,False,0.0023154579976107925,1.0,False,proxy,20ng-sub7951,7951,0
56,leaf:atheism#t3,This article covers the topic of atheism.,proxy-cascade,7951,738,1905,5308,0,1.0,1.0,1.0,400,1.0,False,1.0,False,0.0060023329860996455,1.0,False,proxy,20ng-sub7951,7951,0
57,union:atheism|gun control#u1,This text discusses either atheism or gun control.,proxy-cascade,7951,1700,454,5797,0,1.0,1.0,1.0,800,1.0,False,1.0,False,0.0049620420031715184,1.0,False,proxy,20ng-sub7951,7951,0
58,leaf:cars#t2,The passage is related to cars.,proxy-cascade,7951,536,2278,5137,0,1.0,1.0,1.0,400,1.0,False,1.0,False,0.007004375016549602,1.0,False,proxy,20ng-sub7951,7951,0
59,group:sports#t2,The passage is related to sports.,proxy-cascade,7951,1088,393,6470,0,1.0,1.0,1.0,800,1.0,False,1.0,False,0.002270791999762878,1.0,False,proxy,20ng-sub7951,7951,0
60,group:motor vehicles#t2,The passage is related to motor vehicles.,proxy-cascade,7951,3153,258,4540,0,1.0,1.0,1.0,800,1.0,False,1.0,False,0.0019496250024531037,1.0,False,proxy,20ng-sub7951,7951,0
61,group:computers#t0,The document is about computers.,proxy-cascade,7951,2557,121,5273,0,1.0,1.0,1.0,2000,1.0,False,1.0,False,0.002777957997750491,1.0,False,proxy,20ng-sub7951,7951,0
62,union:medicine|the Microsoft Windows operating system#u0,The document is about medicine or about the Microsoft Windows operating system.,proxy-cascade,7951,727,944,6280,0,1.0,1.0,1.0,800,1.0,False,1.0,False,0.0059158749936614186,1.0,False,proxy,20ng-sub7951,7951,0
63,union:baseball|items for sale#u0,The document is about baseball or about items for sale.,proxy-cascade,7951,1261,444,6246,0,1.0,1.0,1.0,800,1.0,False,1.0,False,0.0051962500147055835,1.0,False,proxy,20ng-sub7951,7951,0
64,union:atheism|medicine#u1,This text discusses either atheism or medicine.,proxy-cascade,7951,1059,708,6184,0,1.0,1.0,1.0,800,1.0,False,1.0,False,0.005098665977129713,1.0,False,proxy,20ng-sub7951,7951,0
65,union:hockey|the X Window System#u1,This text discusses either hockey or the X Window System.,proxy-cascade,7951,837,640,6474,0,1.0,1.0,1.0,800,1.0,False,1.0,False,0.00547320899204351,1.0,False,proxy,20ng-sub7951,7951,0
66,leaf:cryptography#t0,The document is about cryptography.,proxy-cascade,7951,618,1328,6005,0,1.0,1.0,1.0,400,1.0,False,1.0,False,0.005334582994692028,1.0,False,proxy,20ng-sub7951,7951,0
67,leaf:motorcycles#t3,This article covers the topic of motorcycles.,proxy-cascade,7951,611,1485,5855,0,1.0,1.0,1.0,400,1.0,False,1.0,False,0.004668374982429668,1.0,False,proxy,20ng-sub7951,7951,0
68,leaf:hockey#t1,This text discusses hockey.,proxy-cascade,7951,757,898,6296,0,1.0,1.0,1.0,400,1.0,False,1.0,False,0.0018820829864125699,1.0,False,proxy,20ng-sub7951,7951,0
69,leaf:baseball#t2,The passage is related to baseball.,proxy-cascade,7951,7951,0,0,0,1.0,1.0,1.0,400,,,,,0.0003587079991120845,1.0,,proxy,20ng-sub7951,7951,0
70,group:motor vehicles#t0,The document is about motor vehicles.,proxy-cascade,7951,1436,381,6134,0,1.0,1.0,1.0,800,1.0,False,1.0,False,0.0021849579934496433,1.0,False,proxy,20ng-sub7951,7951,0
71,leaf:the Microsoft Windows operating system#t2,The passage is related to the Microsoft Windows operating system.,proxy-cascade,7951,437,4000,3514,0,1.0,1.0,1.0,400,1.0,False,1.0,False,0.004911875003017485,1.0,False,proxy,20ng-sub7951,7951,0
72,leaf:motorcycles#t2,The passage is related to motorcycles.,proxy-cascade,7951,2109,645,5197,0,1.0,1.0,1.0,400,1.0,False,1.0,False,0.001684500020928681,1.0,False,proxy,20ng-sub7951,7951,0
73,group:sports#t2,The passage is related to sports.,proxy-cascade,7951,1062,406,6483,0,1.0,1.0,1.0,800,1.0,False,1.0,False,0.0021130839886609465,1.0,False,proxy,20ng-sub7951,7951,0
74,union:Macintosh hardware|electronics#u1,This text discusses either Macintosh hardware or electronics.,proxy-cascade,7951,1232,538,6181,0,1.0,1.0,1.0,800,1.0,False,1.0,False,0.005047791986726224,1.0,False,proxy,20ng-sub7951,7951,0
75,leaf:Christianity#t3,This article covers the topic of Christianity.,proxy-cascade,3787,3300,487,0,0,1.0,0.9875,0.9937106918238994,400,0.9228971962616822,False,1.0,False,0.0024748750147409737,0.9875,False,proxy,20ng-sub7951,7951,0
76,group:sports#t2,The passage is related to sports.,proxy-cascade,7951,1071,408,6472,0,1.0,1.0,1.0,800,1.0,False,1.0,False,0.0021600420004688203,1.0,False,proxy,20ng-sub7951,7951,0
77,leaf:religious debate#t3,This article covers the topic of religious debate.,proxy-cascade,7951,512,4000,3439,0,1.0,1.0,1.0,351,1.0,False,1.0,False,0.005623958015348762,1.0,False,proxy,20ng-sub7951,7951,0
78,union:atheism|baseball#u1,This text discusses either atheism or baseball.,proxy-cascade,7951,1064,605,6282,0,1.0,1.0,1.0,800,1.0,False,1.0,False,0.006453624984715134,1.0,False,proxy,20ng-sub7951,7951,0
79,leaf:items for sale#t2,The passage is related to items for sale.,proxy-cascade,7951,665,1355,5931,0,1.0,1.0,1.0,400,1.0,False,1.0,False,0.005997125001158565,1.0,False,proxy,20ng-sub7951,7951,0
80,union:Macintosh hardware|religious debate#u0,The document is about Macintosh hardware or about religious debate.,proxy-cascade,7951,845,1164,5942,0,1.0,1.0,1.0,751,1.0,False,1.0,False,0.005550750007387251,1.0,False,proxy,20ng-sub7951,7951,0
81,group:motor vehicles#t1,This text discusses motor vehicles.,proxy-cascade,7951,1626,360,5965,0,1.0,1.0,1.0,800,1.0,False,1.0,False,0.005806834000395611,1.0,False,proxy,20ng-sub7951,7951,0
82,leaf:cars#t0,The document is about cars.,proxy-cascade,7951,747,1176,6028,0,1.0,1.0,1.0,400,1.0,False,1.0,False,0.005402417009463534,1.0,False,proxy,20ng-sub7951,7951,0
83,leaf:PC hardware#t0,The document is about PC hardware.,proxy-cascade,7951,598,2293,5060,0,1.0,1.0,1.0,400,1.0,False,1.0,False,0.0049978749884758145,1.0,False,proxy,20ng-sub7951,7951,0
84,group:religion#t2,The passage is related to religion.,proxy-cascade,7951,1548,275,6128,0,1.0,1.0,1.0,1151,1.0,False,1.0,False,0.004957249999279156,1.0,False,proxy,20ng-sub7951,7951,0
85,union:Christianity|hockey#u0,The document is about Christianity or about hockey.,proxy-cascade,7951,968,623,6360,0,1.0,1.0,1.0,800,1.0,False,1.0,False,0.004961541999364272,1.0,False,proxy,20ng-sub7951,7951,0
86,group:religion#t0,The document is about religion.,proxy-cascade,7951,2259,217,5475,0,1.0,1.0,1.0,1151,1.0,False,1.0,False,0.0023336249869316816,1.0,False,proxy,20ng-sub7951,7951,0
87,union:atheism|computer graphics#u1,This text discusses either atheism or computer graphics.,proxy-cascade,7951,1451,629,5871,0,1.0,1.0,1.0,800,1.0,False,1.0,False,0.0048136670084204525,1.0,False,proxy,20ng-sub7951,7951,0
88,union:motorcycles|political debate#u1,This text discusses either motorcycles or political debate.,proxy-cascade,7951,1071,727,6153,0,1.0,1.0,1.0,800,1.0,False,1.0,False,0.004824958014069125,1.0,False,proxy,20ng-sub7951,7951,0
89,group:motor vehicles#t0,The document is about motor vehicles.,proxy-cascade,7951,1330,396,6225,0,1.0,1.0,1.0,800,1.0,False,1.0,False,0.0021274579921737313,1.0,False,proxy,20ng-sub7951,7951,0
90,union:PC hardware|political debate#u0,The document is about PC hardware or about political debate.,proxy-cascade,7951,1056,783,6112,0,1.0,1.0,1.0,800,1.0,False,1.0,False,0.0050395420112181455,1.0,False,proxy,20ng-sub7951,7951,0
91,leaf:Macintosh hardware#t0,The document is about Macintosh hardware.,proxy-cascade,7951,535,3205,4211,0,1.0,1.0,1.0,400,1.0,False,1.0,False,0.004885082977125421,1.0,False,proxy,20ng-sub7951,7951,0
92,leaf:items for sale#t1,This text discusses items for sale.,proxy-cascade,7951,559,1991,5401,0,1.0,1.0,1.0,400,1.0,False,1.0,False,0.00457058401661925,1.0,False,proxy,20ng-sub7951,7951,0
93,leaf:the Microsoft Windows operating system#t0,The document is about the Microsoft Windows operating system.,proxy-cascade,7951,514,3024,4413,0,1.0,1.0,1.0,400,1.0,False,1.0,False,0.004691624984843656,1.0,False,proxy,20ng-sub7951,7951,0
94,leaf:the Microsoft Windows operating system#t1,This text discusses the Microsoft Windows operating system.,proxy-cascade,7951,1223,899,5829,0,1.0,1.0,1.0,400,1.0,False,1.0,False,0.0017864590045064688,1.0,False,proxy,20ng-sub7951,7951,0
95,group:computers#t3,This article covers the topic of computers.,proxy-cascade,7951,2158,149,5644,0,1.0,1.0,1.0,2000,1.0,False,1.0,False,0.01419562500086613,1.0,False,proxy,20ng-sub7951,7951,0
96,leaf:PC hardware#t1,This text discusses PC hardware.,proxy-cascade,7951,446,4000,3505,0,1.0,1.0,1.0,400,1.0,False,1.0,False,0.0074682919948827475,1.0,False,proxy,20ng-sub7951,7951,0
97,leaf:cars#t2,The passage is related to cars.,proxy-cascade,7951,1575,744,5632,0,1.0,1.0,1.0,400,1.0,False,1.0,False,0.008670208015246317,1.0,False,proxy,20ng-sub7951,7951,0
98,union:Christianity|items for sale#u0,The document is about Christianity or about items for sale.,proxy-cascade,7951,1062,648,6241,0,1.0,1.0,1.0,800,1.0,False,1.0,False,0.026253000018186867,1.0,False,proxy,20ng-sub7951,7951,0
99,group:politics#t2,The passage is related to politics.,proxy-cascade,7951,1498,304,6149,0,1.0,1.0,1.0,1200,1.0,False,1.0,False,0.005490125011419877,1.0,False,proxy,20ng-sub7951,7951,0
100,leaf:gun control#t2,The passage is related to gun control.,proxy-cascade,7951,609,1812,5530,0,1.0,1.0,1.0,400,1.0,False,1.0,False,0.00514929200289771,1.0,False,proxy,20ng-sub7951,7951,0
101,union:Middle East affairs|items for sale#u1,This text discusses either Middle East affairs or items for sale.,proxy-cascade,7951,1676,385,5890,0,1.0,1.0,1.0,800,1.0,False,1.0,False,0.0021746670245192945,1.0,False,proxy,20ng-sub7951,7951,0
102,leaf:computer graphics#t3,This article covers the topic of computer graphics.,proxy-cascade,7951,588,1908,5455,0,1.0,1.0,1.0,400,1.0,False,1.0,False,0.0050851669802796096,1.0,False,proxy,20ng-sub7951,7951,0
103,leaf:religious debate#t3,This article covers the topic of religious debate.,proxy-cascade,7951,2907,633,4411,0,1.0,1.0,1.0,351,1.0,False,1.0,False,0.001689917000476271,1.0,False,proxy,20ng-sub7951,7951,0
104,leaf:atheism#t3,This article covers the topic of atheism.,proxy-cascade,7951,2585,591,4775,0,1.0,1.0,1.0,400,1.0,False,1.0,False,0.0016844579949975014,1.0,False,proxy,20ng-sub7951,7951,0
105,group:religion#t1,This text discusses religion.,proxy-cascade,7951,3111,179,4661,0,1.0,1.0,1.0,1151,1.0,False,1.0,False,0.0021755000052507967,1.0,False,proxy,20ng-sub7951,7951,0
106,union:hockey|items for sale#u0,The document is about hockey or about items for sale.,proxy-cascade,7951,1147,470,6334,0,1.0,1.0,1.0,800,1.0,False,1.0,False,0.005052374996012077,1.0,False,proxy,20ng-sub7951,7951,0
107,group:motor vehicles#t0,The document is about motor vehicles.,proxy-cascade,7951,1610,361,5980,0,1.0,1.0,1.0,800,1.0,False,1.0,False,0.0020948750025127083,1.0,False,proxy,20ng-sub7951,7951,0
108,union:space exploration|the Microsoft Windows operating system#u1,This text discusses either space exploration or the Microsoft Windows operating system.,proxy-cascade,7951,895,765,6291,0,1.0,1.0,1.0,800,1.0,False,1.0,False,0.004939833015669137,1.0,False,proxy,20ng-sub7951,7951,0
109,group:sports#t2,The passage is related to sports.,proxy-cascade,1677,1321,356,0,0,1.0,0.96375,0.9815404201145767,800,0.921146953405018,False,1.0,False,0.003121249988907948,0.96375,False,proxy,20ng-sub7951,7951,0
110,group:sports#t1,This text discusses sports.,proxy-cascade,1503,1125,378,0,0,1.0,0.9325,0.9650711513583441,800,0.9209876543209876,False,1.0,False,0.0031343750015366822,0.9325,False,proxy,20ng-sub7951,7951,0
111,leaf:atheism#t3,This article covers the topic of atheism.,proxy-cascade,7951,2931,540,4480,0,1.0,1.0,1.0,400,1.0,False,1.0,False,0.001623042015125975,1.0,False,proxy,20ng-sub7951,7951,0
112,leaf:Middle East affairs#t2,The passage is related to Middle East affairs.,proxy-cascade,7951,709,991,6251,0,1.0,1.0,1.0,400,1.0,False,1.0,False,0.004969083005562425,1.0,False,proxy,20ng-sub7951,7951,0
113,union:Macintosh hardware|motorcycles#u1,This text discusses either Macintosh hardware or motorcycles.,proxy-cascade,7951,1082,728,6141,0,1.0,1.0,1.0,800,1.0,False,1.0,False,0.0050235829839948565,1.0,False,proxy,20ng-sub7951,7951,0
114,union:political debate|religious debate#u0,The document is about political debate or about religious debate.,proxy-cascade,7951,683,1665,5603,0,1.0,1.0,1.0,751,1.0,False,1.0,False,0.0053337909921538085,1.0,False,proxy,20ng-sub7951,7951,0
115,leaf:gun control#t3,This article covers the topic of gun control.,proxy-cascade,7951,567,2112,5272,0,1.0,1.0,1.0,400,1.0,False,1.0,False,0.005814208008814603,1.0,False,proxy,20ng-sub7951,7951,0
116,leaf:medicine#t2,The passage is related to medicine.,proxy-cascade,7951,509,2489,4953,0,1.0,1.0,1.0,400,1.0,False,1.0,False,0.022989583987509832,1.0,False,proxy,20ng-sub7951,7951,0
117,group:politics#t1,This text discusses politics.,proxy-cascade,2962,2776,186,0,0,1.0,0.9575,0.9782886334610472,1200,0.9206730769230769,False,1.0,False,0.0034003749897237867,0.9575,False,proxy,20ng-sub7951,7951,0
118,group:science#t2,The passage is related to science.,proxy-cascade,7951,4573,90,3288,0,1.0,1.0,1.0,1600,1.0,False,1.0,False,0.0026291250251233578,1.0,False,proxy,20ng-sub7951,7951,0
119,group:religion#t0,The document is about religion.,proxy-cascade,7951,2620,200,5131,0,1.0,1.0,1.0,1151,1.0,False,1.0,False,0.002566666982602328,1.0,False,proxy,20ng-sub7951,7951,0
0,group:motor vehicles#t0,The document is about motor vehicles.,cold,7951,650,478,6423,0,1.0,1.0,1.0,800,1.0,False,1.0,False,0.006113709008786827,1.0,False,semreuse+proxy,20ng-sub7951,7951,0
1,group:religion#t3,This article covers the topic of religion.,cold,7951,812,354,6385,2,1.0,1.0,1.0,1151,1.0,False,1.0,False,0.3919590830046218,1.0,False,semreuse+proxy,20ng-sub7951,7951,0
2,leaf:religious debate#t0,The document is about religious debate.,rewrite,7951,6400,29,1122,4,1.0,1.0,1.0,351,1.0,False,1.0,False,0.38971004099585116,1.0,False,semreuse+proxy,20ng-sub7951,7951,0
3,group:politics#t1,This text discusses politics.,cold,7951,1072,309,6170,6,1.0,1.0,1.0,1200,1.0,False,1.0,False,0.3840068340068683,1.0,False,semreuse+proxy,20ng-sub7951,7951,0
4,union:gun control|medicine#u0,The document is about gun control or about medicine.,cold,7951,533,814,6204,8,1.0,1.0,1.0,800,1.0,False,1.0,False,0.23179629098740406,1.0,False,semreuse+proxy,20ng-sub7951,7951,0
5,group:motor vehicles#t0,The document is about motor vehicles.,exact-hit,0,0,0,0,0,1.0,1.0,1.0,800,1.0,False,1.0,False,3.0000024707987905e-05,1.0,False,semreuse+proxy,20ng-sub7951,7951,0
6,group:politics#t1,This text discusses politics.,exact-hit,0,0,0,0,0,1.0,1.0,1.0,1200,1.0,False,1.0,False,9.457988198846579e-06,1.0,False,semreuse+proxy,20ng-sub7951,7951,0
7,group:religion#t0,The document is about religion.,rewrite,7951,0,897,6703,10,1.0,1.0,1.0,1151,1.0,False,1.0,False,0.5369181249989197,1.0,False,semreuse+proxy,20ng-sub7951,7951,0
8,leaf:political debate#t1,This text discusses political debate.,rewrite,7951,6351,29,1171,12,1.0,1.0,1.0,400,1.0,False,1.0,False,0.47650079100276344,1.0,False,semreuse+proxy,20ng-sub7951,7951,0
9,group:sports#t1,This text discusses sports.,cold,7951,629,426,6496,14,1.0,1.0,1.0,800,1.0,False,1.0,False,0.3539540829951875,1.0,False,semreuse+proxy,20ng-sub7951,7951,0
10,group:science#t1,This text discusses science.,cold,7951,1380,237,5934,16,1.0,1.0,1.0,1600,1.0,False,1.0,False,0.10814554200624116,1.0,False,semreuse+proxy,20ng-sub7951,7951,0
11,leaf:hockey#t1,This text discusses hockey.,rewrite,7951,6751,29,771,18,1.0,1.0,1.0,400,1.0,False,1.0,False,0.4826614169869572,1.0,False,semreuse+proxy,20ng-sub7951,7951,0
12,leaf:religious debate#t2,The passage is related to religious debate.,rewrite,1885,400,1085,0,20,1.0,1.0,1.0,351,0.9246376811594202,False,0.9088319088319088,False,0.31268858298426494,1.0,False,semreuse+proxy,20ng-sub7951,7951,0
13,leaf:political debate#t0,The document is about political debate.,rewrite,1060,0,1060,0,22,1.0,1.0,1.0,400,0.9236641221374046,False,0.9075,False,0.21549495798535645,1.0,False,semreuse+proxy,20ng-sub7951,7951,0
14,leaf:items for sale#t3,This article covers the topic of items for sale.,rewrite,7951,400,0,7151,24,1.0,1.0,1.0,400,1.0,False,1.0,False,0.18802287499420345,1.0,False,semreuse+proxy,20ng-sub7951,7951,0
15,leaf:Christianity#t3,This article covers the topic of Christianity.,rewrite,7951,6400,29,1122,26,1.0,1.0,1.0,400,1.0,False,1.0,False,0.18574341700877994,1.0,False,semreuse+proxy,20ng-sub7951,7951,0
16,union:electronics|hockey#u0,The document is about electronics or about hockey.,cold,7951,415,801,6335,28,1.0,1.0,1.0,800,1.0,False,1.0,False,0.2685449580021668,1.0,False,semreuse+proxy,20ng-sub7951,7951,0
17,group:science#t2,The passage is related to science.,rewrite,251,0,251,0,30,1.0,1.0,1.0,1600,0.9204328453214513,False,0.90375,False,0.3231192090024706,1.0,False,semreuse+proxy,20ng-sub7951,7951,0
18,group:computers#t1,This text discusses computers.,cold,7951,1831,142,5578,32,1.0,1.0,1.0,2000,1.0,False,1.0,False,0.21450033300789073,1.0,False,semreuse+proxy,20ng-sub7951,7951,0
19,union:Macintosh hardware|items for sale#u1,This text discusses either Macintosh hardware or items for sale.,rewrite,7587,5151,72,1964,34,1.0,1.0,1.0,800,1.0,False,0.95375,False,0.3525621250155382,1.0,False,semreuse+proxy,20ng-sub7951,7951,0
20,group:motor vehicles#t3,This article covers the topic of motor vehicles.,cold,7951,394,754,6403,36,1.0,1.0,1.0,800,1.0,False,1.0,False,0.2642230410128832,1.0,False,semreuse+proxy,20ng-sub7951,7951,0
21,group:sports#t3,This article covers the topic of sports.,rewrite,896,0,496,0,38,1.0,1.0,1.0,800,0.9214975845410628,False,0.95375,False,0.2732925830059685,1.0,False,semreuse+proxy,20ng-sub7951,7951,0
22,group:motor vehicles#t3,This article covers the topic of motor vehicles.,exact-hit,0,0,0,0,0,1.0,1.0,1.0,800,1.0,False,1.0,False,4.3790991185233e-05,1.0,False,semreuse+proxy,20ng-sub7951,7951,0
23,group:motor vehicles#t3,This article covers the topic of motor vehicles.,exact-hit,0,0,0,0,0,1.0,1.0,1.0,800,1.0,False,1.0,False,2.1916988771408796e-05,1.0,False,semreuse+proxy,20ng-sub7951,7951,0
24,union:PC hardware|cryptography#u0,The document is about PC hardware or about cryptography.,rewrite,7951,230,434,6887,40,1.0,1.0,1.0,800,1.0,False,1.0,False,0.3186559999885503,1.0,False,semreuse+proxy,20ng-sub7951,7951,0
25,leaf:political debate#t1,This text discusses political debate.,exact-hit,0,0,0,0,0,1.0,1.0,1.0,400,1.0,False,1.0,False,4.3167005060240626e-05,1.0,False,semreuse+proxy,20ng-sub7951,7951,0
26,union:Macintosh hardware|space exploration#u1,This text discusses either Macintosh hardware or space exploration.,rewrite,7951,193,477,6881,42,1.0,1.0,1.0,800,1.0,False,1.0,False,0.23723954099114053,1.0,False,semreuse+proxy,20ng-sub7951,7951,0
27,leaf:baseball#t2,The passage is related to baseball.,rewrite,7951,6751,29,771,44,1.0,1.0,1.0,400,1.0,False,1.0,False,0.16059949999907985,1.0,False,semreuse+proxy,20ng-sub7951,7951,0
28,group:computers#t0,The document is about computers.,rewrite,7858,1504,155,5799,46,1.0,0.9535,0.9761965702585104,2000,0.9535,False,1.0,False,0.4584134169854224,0.9535,False,semreuse+proxy,20ng-sub7951,7951,0
29,leaf:baseball#t3,This article covers the topic of baseball.,rewrite,7951,6751,29,771,48,1.0,1.0,1.0,400,1.0,False,1.0,False,0.4255340410163626,1.0,False,semreuse+proxy,20ng-sub7951,7951,0
30,leaf:electronics#t0,The document is about electronics.,rewrite,7951,0,0,7951,50,1.0,1.0,1.0,400,1.0,False,1.0,False,0.19662249999237247,1.0,False,semreuse+proxy,20ng-sub7951,7951,0
31,union:PC hardware|items for sale#u1,This text discusses either PC hardware or items for sale.,rewrite,7590,4751,117,2322,52,1.0,1.0,1.0,800,1.0,False,0.95375,False,0.2142618749930989,1.0,False,semreuse+proxy,20ng-sub7951,7951,0
32,union:computer graphics|motorcycles#u0,The document is about computer graphics or about motorcycles.,rewrite,7951,165,626,6760,54,1.0,1.0,1.0,800,1.0,False,1.0,False,0.49203283298993483,1.0,False,semreuse+proxy,20ng-sub7951,7951,0
33,union:Macintosh hardware|electronics#u0,The document is about Macintosh hardware or about electronics.,rewrite,7587,5151,72,1964,56,1.0,1.0,1.0,800,1.0,False,0.95375,False,0.6799579999933485,1.0,False,semreuse+proxy,20ng-sub7951,7951,0
34,group:computers#t1,This text discusses computers.,exact-hit,0,0,0,0,0,1.0,1.0,1.0,2000,1.0,False,1.0,False,1.8874998204410076e-05,1.0,False,semreuse+proxy,20ng-sub7951,7951,0
35,group:religion#t1,This text discusses religion.,rewrite,7920,719,280,6521,58,1.0,0.9730668983492615,0.9863496257155439,1151,0.9730668983492615,False,1.0,False,0.5341057499754243,0.9730668983492615,False,semreuse+proxy,20ng-sub7951,7951,0
36,group:computers#t0,The document is about computers.,exact-hit,0,0,0,0,0,1.0,0.9535,0.9761965702585104,2000,0.9535,False,1.0,False,3.208301495760679e-05,0.9535,False,semreuse+proxy,20ng-sub7951,7951,0
37,union:Middle East affairs|items for sale#u1,This text discusses either Middle East affairs or items for sale.,rewrite,7590,4831,117,2242,60,1.0,1.0,1.0,800,1.0,False,0.95375,False,0.22242229100083932,1.0,False,semreuse+proxy,20ng-sub7951,7951,0
38,leaf:the Microsoft Windows operating system#t1,This text discusses the Microsoft Windows operating system.,rewrite,7951,5551,29,1971,62,1.0,1.0,1.0,400,1.0,False,1.0,False,0.4706955829751678,1.0,False,semreuse+proxy,20ng-sub7951,7951,0
39,group:sports#t2,The passage is related to sports.,rewrite,1202,380,422,0,64,1.0,0.975,0.9873417721518987,800,0.9208972845336482,False,1.0,False,0.2496489999757614,0.975,False,semreuse+proxy,20ng-sub7951,7951,0
40,leaf:motorcycles#t0,The document is about motorcycles.,rewrite,7951,6751,29,771,66,1.0,1.0,1.0,400,1.0,False,1.0,False,0.47968395898351446,1.0,False,semreuse+proxy,20ng-sub7951,7951,0
41,group:motor vehicles#t0,The document is about motor vehicles.,exact-hit,0,0,0,0,0,1.0,1.0,1.0,800,1.0,False,1.0,False,1.3084005331620574e-05,1.0,False,semreuse+proxy,20ng-sub7951,7951,0
42,union:Christianity|political debate#u1,This text discusses either Christianity or political debate.,rewrite,7593,5200,126,1867,68,1.0,1.0,1.0,800,1.0,False,0.95375,False,0.4575122499954887,1.0,False,semreuse+proxy,20ng-sub7951,7951,0
43,group:motor vehicles#t2,The passage is related to motor vehicles.,rewrite,896,0,496,0,70,1.0,1.0,1.0,800,0.9214975845410628,False,0.95375,False,0.3453761250129901,1.0,False,semreuse+proxy,20ng-sub7951,7951,0
44,leaf:motorcycles#t2,The passage is related to motorcycles.,rewrite,1495,0,1095,0,72,1.0,1.0,1.0,400,0.9260204081632653,False,0.9075,False,0.3965157500060741,1.0,False,semreuse+proxy,20ng-sub7951,7951,0
45,group:motor vehicles#t1,This text discusses motor vehicles.,rewrite,896,0,496,0,74,1.0,1.0,1.0,800,0.9214975845410628,False,0.95375,False,0.35321629099780694,1.0,False,semreuse+proxy,20ng-sub7951,7951,0
46,group:religion#t0,The document is about religion.,exact-hit,0,0,0,0,0,1.0,1.0,1.0,1151,1.0,False,1.0,False,9.000010322779417e-06,1.0,False,semreuse+proxy,20ng-sub7951,7951,0
47,group:sports#t3,This article covers the topic of sports.,exact-hit,0,0,0,0,0,1.0,1.0,1.0,800,0.9214975845410628,False,0.95375,False,4.5419728849083185e-06,1.0,False,semreuse+proxy,20ng-sub7951,7951,0
48,union:Macintosh hardware|cars#u1,This text discusses either Macintosh hardware or cars.,rewrite,7951,142,660,6749,76,1.0,1.0,1.0,800,1.0,False,1.0,False,0.3686291250050999,1.0,False,semreuse+proxy,20ng-sub7951,7951,0
49,leaf:computer graphics#t1,This text discusses computer graphics.,rewrite,7951,5551,29,1971,78,1.0,1.0,1.0,400,1.0,False,1.0,False,0.3620459999947343,1.0,False,semreuse+proxy,20ng-sub7951,7951,0
50,union:atheism|hockey#u1,This text discusses either atheism or hockey.,rewrite,7951,258,610,6683,80,1.0,1.0,1.0,800,1.0,False,1.0,False,0.3356351660040673,1.0,False,semreuse+proxy,20ng-sub7951,7951,0
51,leaf:items for sale#t0,The document is about items for sale.,rewrite,1268,0,868,0,82,1.0,1.0,1.0,400,0.9237875288683602,False,1.0,False,0.32931345800170675,1.0,False,semreuse+proxy,20ng-sub7951,7951,0
52,leaf:baseball#t0,The document is about baseball.,rewrite,1417,0,1009,8,84,1.0,1.0,1.0,400,0.9238578680203046,False,0.91,False,0.3638935000053607,1.0,False,semreuse+proxy,20ng-sub7951,7951,0
53,union:hockey|motorcycles#u0,The document is about hockey or about motorcycles.,rewrite,7951,6751,29,771,86,1.0,1.0,1.0,800,1.0,False,1.0,False,0.38906100002350286,1.0,False,semreuse+proxy,20ng-sub7951,7951,0
54,group:politics#t0,The document is about politics.,rewrite,7913,761,268,6484,88,1.0,0.9683333333333334,0.9839119390347164,1200,0.9683333333333334,False,1.0,False,0.3744570830021985,0.9683333333333334,False,semreuse+proxy,20ng-sub7951,7951,0
55,group:motor vehicles#t1,This text discusses motor vehicles.,exact-hit,0,0,0,0,0,1.0,1.0,1.0,800,0.9214975845410628,False,0.95375,False,9.209004929289222e-06,1.0,False,semreuse+proxy,20ng-sub7951,7951,0
56,leaf:atheism#t3,This article covers the topic of atheism.,rewrite,7951,190,879,6482,90,1.0,1.0,1.0,400,1.0,False,1.0,False,0.27224816600210033,1.0,False,semreuse+proxy,20ng-sub7951,7951,0
57,union:atheism|gun control#u1,This text discusses either atheism or gun control.,rewrite,7587,182,681,6324,92,1.0,1.0,1.0,800,1.0,False,0.95375,False,0.44548941700486466,1.0,False,semreuse+proxy,20ng-sub7951,7951,0
58,leaf:cars#t2,The passage is related to cars.,rewrite,1495,0,1095,0,94,1.0,1.0,1.0,400,0.9260204081632653,False,0.9075,False,0.45007429100223817,1.0,False,semreuse+proxy,20ng-sub7951,7951,0
59,group:sports#t2,The passage is related to sports.,exact-hit,0,0,0,0,0,1.0,0.975,0.9873417721518987,800,0.9208972845336482,False,1.0,False,1.0749994544312358e-05,0.975,False,semreuse+proxy,20ng-sub7951,7951,0
60,group:motor vehicles#t2,The passage is related to motor vehicles.,exact-hit,0,0,0,0,0,1.0,1.0,1.0,800,0.9214975845410628,False,0.95375,False,3.958004526793957e-06,1.0,False,semreuse+proxy,20ng-sub7951,7951,0
61,group:computers#t0,The document is about computers.,exact-hit,0,0,0,0,0,1.0,0.9535,0.9761965702585104,2000,0.9535,False,1.0,False,4.583998816087842e-06,0.9535,False,semreuse+proxy,20ng-sub7951,7951,0
62,union:medicine|the Microsoft Windows operating system#u0,The document is about medicine or about the Microsoft Windows operating system.,rewrite,7951,3951,72,3528,96,1.0,1.0,1.0,800,1.0,False,1.0,False,0.23168604201055132,1.0,False,semreuse+proxy,20ng-sub7951,7951,0
63,union:baseball|items for sale#u0,The document is about baseball or about items for sale.,rewrite,7590,6351,78,761,98,1.0,1.0,1.0,800,1.0,False,0.95375,False,0.4622688749805093,1.0,False,semreuse+proxy,20ng-sub7951,7951,0
64,union:atheism|medicine#u1,This text discusses either atheism or medicine.,rewrite,7587,140,705,6342,100,1.0,1.0,1.0,800,1.0,False,0.95375,False,0.40671133299474604,1.0,False,semreuse+proxy,20ng-sub7951,7951,0
65,union:hockey|the X Window System#u1,This text discusses either hockey or the X Window System.,rewrite,7951,4351,117,3083,102,1.0,1.0,1.0,800,1.0,False,1.0,False,0.25063641599263065,1.0,False,semreuse+proxy,20ng-sub7951,7951,0
66,leaf:cryptography#t0,The document is about cryptography.,rewrite,7778,200,856,6322,104,1.0,0.99,0.9949748743718593,400,0.9145496535796767,False,1.0,False,0.4330056670005433,0.99,False,semreuse+proxy,20ng-sub7951,7951,0
67,leaf:motorcycles#t3,This article covers the topic of motorcycles.,rewrite,1751,400,951,0,106,1.0,1.0,1.0,400,0.9236641221374046,False,0.9075,False,0.5327213749988005,1.0,False,semreuse+proxy,20ng-sub7951,7951,0
68,leaf:hockey#t1,This text discusses hockey.,exact-hit,0,0,0,0,0,1.0,1.0,1.0,400,1.0,False,1.0,False,1.09999964479357e-05,1.0,False,semreuse+proxy,20ng-sub7951,7951,0
69,leaf:baseball#t2,The passage is related to baseball.,exact-hit,0,0,0,0,0,1.0,1.0,1.0,400,1.0,False,1.0,False,5.125009920448065e-06,1.0,False,semreuse+proxy,20ng-sub7951,7951,0
70,group:motor vehicles#t0,The document is about motor vehicles.,exact-hit,0,0,0,0,0,1.0,1.0,1.0,800,1.0,False,1.0,False,3.2910029403865337e-06,1.0,False,semreuse+proxy,20ng-sub7951,7951,0
71,leaf:the Microsoft Windows operating system#t2,The passage is related to the Microsoft Windows operating system.,rewrite,2517,1200,917,0,108,1.0,1.0,1.0,400,0.9260204081632653,False,0.9075,False,0.4222902919864282,1.0,False,semreuse+proxy,20ng-sub7951,7951,0
72,leaf:motorcycles#t2,The passage is related to motorcycles.,exact-hit,0,0,0,0,0,1.0,1.0,1.0,400,0.9260204081632653,False,0.9075,False,9.500014130026102e-06,1.0,False,semreuse+proxy,20ng-sub7951,7951,0
73,group:sports#t2,The passage is related to sports.,exact-hit,0,0,0,0,0,1.0,0.975,0.9873417721518987,800,0.9208972845336482,False,1.0,False,4.2079773265868425e-06,0.975,False,semreuse+proxy,20ng-sub7951,7951,0
74,union:Macintosh hardware|electronics#u1,This text discusses either Macintosh hardware or electronics.,rewrite,7216,289,599,5928,110,1.0,1.0,1.0,800,0.9259708737864077,False,0.95375,False,0.434975874988595,1.0,False,semreuse+proxy,20ng-sub7951,7951,0
75,leaf:Christianity#t3,This article covers the topic of Christianity.,exact-hit,0,0,0,0,0,1.0,1.0,1.0,400,1.0,False,1.0,False,9.707990102469921e-06,1.0,False,semreuse+proxy,20ng-sub7951,7951,0
76,group:sports#t2,The passage is related to sports.,exact-hit,0,0,0,0,0,1.0,0.975,0.9873417721518987,800,0.9208972845336482,False,1.0,False,4.375004209578037e-06,0.975,False,semreuse+proxy,20ng-sub7951,7951,0
77,leaf:religious debate#t3,This article covers the topic of religious debate.,rewrite,7951,304,1324,5923,112,1.0,1.0,1.0,351,1.0,False,1.0,False,0.5076233750151005,1.0,False,semreuse+proxy,20ng-sub7951,7951,0
78,union:atheism|baseball#u1,This text discusses either atheism or baseball.,rewrite,7587,6351,72,764,114,1.0,1.0,1.0,800,1.0,False,0.95375,False,0.4975245000096038,1.0,False,semreuse+proxy,20ng-sub7951,7951,0
79,leaf:items for sale#t2,The passage is related to items for sale.,rewrite,1268,0,868,0,116,1.0,1.0,1.0,400,0.9237875288683602,False,1.0,False,0.40208420797716826,1.0,False,semreuse+proxy,20ng-sub7951,7951,0
80,union:Macintosh hardware|religious debate#u0,The document is about Macintosh hardware or about religious debate.,rewrite,7644,4019,220,3005,118,1.0,1.0,1.0,751,1.0,False,0.9573901464713716,False,0.48029329199925996,1.0,False,semreuse+proxy,20ng-sub7951,7951,0
81,group:motor vehicles#t1,This text discusses motor vehicles.,exact-hit,0,0,0,0,0,1.0,1.0,1.0,800,0.9214975845410628,False,0.95375,False,1.0709016351029277e-05,1.0,False,semreuse+proxy,20ng-sub7951,7951,0
82,leaf:cars#t0,The document is about cars.,rewrite,1495,0,1095,0,120,1.0,1.0,1.0,400,0.9260204081632653,False,0.9075,False,0.47598579101031646,1.0,False,semreuse+proxy,20ng-sub7951,7951,0
83,leaf:PC hardware#t0,The document is about PC hardware.,rewrite,7609,625,1030,5554,122,1.0,1.0,1.0,400,0.9389671361502347,False,1.0,False,0.37232916700304486,1.0,False,semreuse+proxy,20ng-sub7951,7951,0
84,group:religion#t2,The passage is related to religion.,rewrite,7913,710,282,6521,124,1.0,0.9669852302345786,0.9832155477031801,1151,0.9669852302345786,False,1.0,False,0.5247854590124916,0.9669852302345786,False,semreuse+proxy,20ng-sub7951,7951,0
85,union:Christianity|hockey#u0,The document is about Christianity or about hockey.,rewrite,7605,531,538,6136,126,1.0,1.0,1.0,800,1.0,False,0.955,False,0.4497741659870371,1.0,False,semreuse+proxy,20ng-sub7951,7951,0
86,group:religion#t0,The document is about religion.,exact-hit,0,0,0,0,0,1.0,1.0,1.0,1151,1.0,False,1.0,False,8.833012543618679e-06,1.0,False,semreuse+proxy,20ng-sub7951,7951,0
87,union:atheism|computer graphics#u1,This text discusses either atheism or computer graphics.,rewrite,7229,5151,117,1561,128,1.0,1.0,1.0,800,1.0,False,0.9075,False,0.30327845801366493,1.0,False,semreuse+proxy,20ng-sub7951,7951,0
88,union:motorcycles|political debate#u1,This text discusses either motorcycles or political debate.,rewrite,7587,6351,72,764,130,1.0,1.0,1.0,800,1.0,False,0.95375,False,0.6624760830018204,1.0,False,semreuse+proxy,20ng-sub7951,7951,0
89,group:motor vehicles#t0,The document is about motor vehicles.,exact-hit,0,0,0,0,0,1.0,1.0,1.0,800,1.0,False,1.0,False,1.0041985660791397e-05,1.0,False,semreuse+proxy,20ng-sub7951,7951,0
90,union:PC hardware|political debate#u0,The document is about PC hardware or about political debate.,rewrite,7951,1007,547,5997,132,1.0,1.0,1.0,800,1.0,False,1.0,False,0.5091827079886571,1.0,False,semreuse+proxy,20ng-sub7951,7951,0
91,leaf:Macintosh hardware#t0,The document is about Macintosh hardware.,rewrite,2858,1600,858,0,134,1.0,1.0,1.0,400,0.9260204081632653,False,0.9075,False,0.7764895420114044,1.0,False,semreuse+proxy,20ng-sub7951,7951,0
92,leaf:items for sale#t1,This text discusses items for sale.,rewrite,1268,0,868,0,136,1.0,1.0,1.0,400,0.9237875288683602,False,1.0,False,0.6188859159883577,1.0,False,semreuse+proxy,20ng-sub7951,7951,0
93,leaf:the Microsoft Windows operating system#t0,The document is about the Microsoft Windows operating system.,rewrite,2517,1200,917,0,138,1.0,1.0,1.0,400,0.9260204081632653,False,0.9075,False,0.7370157499972265,1.0,False,semreuse+proxy,20ng-sub7951,7951,0
94,leaf:the Microsoft Windows operating system#t1,This text discusses the Microsoft Windows operating system.,exact-hit,0,0,0,0,0,1.0,1.0,1.0,400,1.0,False,1.0,False,8.709001122042537e-06,1.0,False,semreuse+proxy,20ng-sub7951,7951,0
95,group:computers#t3,This article covers the topic of computers.,rewrite,7951,1521,152,5878,140,1.0,1.0,1.0,2000,1.0,False,1.0,False,0.7052265000238549,1.0,False,semreuse+proxy,20ng-sub7951,7951,0
96,leaf:PC hardware#t1,This text discusses PC hardware.,rewrite,7645,374,1386,5485,142,1.0,1.0,1.0,400,0.9615384615384616,False,1.0,False,0.6912273339985404,1.0,False,semreuse+proxy,20ng-sub7951,7951,0
97,leaf:cars#t2,The passage is related to cars.,exact-hit,0,0,0,0,0,1.0,1.0,1.0,400,0.9260204081632653,False,0.9075,False,9.66701190918684e-06,1.0,False,semreuse+proxy,20ng-sub7951,7951,0
98,union:Christianity|items for sale#u0,The document is about Christianity or about items for sale.,rewrite,7587,6000,72,1115,144,1.0,1.0,1.0,800,1.0,False,0.95375,False,0.7045017500058748,1.0,False,semreuse+proxy,20ng-sub7951,7951,0
99,group:politics#t2,The passage is related to politics.,rewrite,7900,743,292,6465,146,1.0,0.9575,0.9782886334610472,1200,0.9575,False,1.0,False,0.6076911670097616,0.9575,False,semreuse+proxy,20ng-sub7951,7951,0
100,leaf:gun control#t2,The passage is related to gun control.,rewrite,7951,187,886,6478,148,1.0,1.0,1.0,400,1.0,False,1.0,False,0.5028160000219941,1.0,False,semreuse+proxy,20ng-sub7951,7951,0
101,union:Middle East affairs|items for sale#u1,This text discusses either Middle East affairs or items for sale.,exact-hit,0,0,0,0,0,1.0,1.0,1.0,800,1.0,False,0.95375,False,8.583010639995337e-06,1.0,False,semreuse+proxy,20ng-sub7951,7951,0
102,leaf:computer graphics#t3,This article covers the topic of computer graphics.,rewrite,2517,1200,917,0,150,1.0,1.0,1.0,400,0.9260204081632653,False,0.9075,False,0.7662986249779351,1.0,False,semreuse+proxy,20ng-sub7951,7951,0
103,leaf:religious debate#t3,This article covers the topic of religious debate.,exact-hit,0,0,0,0,0,1.0,1.0,1.0,351,1.0,False,1.0,False,9.832991054281592e-06,1.0,False,semreuse+proxy,20ng-sub7951,7951,0
104,leaf:atheism#t3,This article covers the topic of atheism.,exact-hit,0,0,0,0,0,1.0,1.0,1.0,400,1.0,False,1.0,False,4.3339969124644995e-06,1.0,False,semreuse+proxy,20ng-sub7951,7951,0
105,group:religion#t1,This text discusses religion.,exact-hit,0,0,0,0,0,1.0,0.9730668983492615,0.9863496257155439,1151,0.9730668983492615,False,1.0,False,4.1669991333037615e-06,0.9730668983492615,False,semreuse+proxy,20ng-sub7951,7951,0
106,union:hockey|items for sale#u0,The document is about hockey or about items for sale.,rewrite,7593,6351,84,758,152,1.0,1.0,1.0,800,1.0,False,0.95375,False,0.717043166019721,1.0,False,semreuse+proxy,20ng-sub7951,7951,0
107,group:motor vehicles#t0,The document is about motor vehicles.,exact-hit,0,0,0,0,0,1.0,1.0,1.0,800,1.0,False,1.0,False,8.792005246505141e-06,1.0,False,semreuse+proxy,20ng-sub7951,7951,0
108,union:space exploration|the Microsoft Windows operating system#u1,This text discusses either space exploration or the Microsoft Windows operating system.,rewrite,7951,245,439,6867,154,1.0,1.0,1.0,800,1.0,False,1.0,False,0.6775229579943698,1.0,False,semreuse+proxy,20ng-sub7951,7951,0
109,group:sports#t2,The passage is related to sports.,exact-hit,0,0,0,0,0,1.0,0.975,0.9873417721518987,800,0.9208972845336482,False,1.0,False,1.1750002158805728e-05,0.975,False,semreuse+proxy,20ng-sub7951,7951,0
110,group:sports#t1,This text discusses sports.,exact-hit,0,0,0,0,0,1.0,1.0,1.0,800,1.0,False,1.0,False,5.165988113731146e-06,1.0,False,semreuse+proxy,20ng-sub7951,7951,0
111,leaf:atheism#t3,This article covers the topic of atheism.,exact-hit,0,0,0,0,0,1.0,1.0,1.0,400,1.0,False,1.0,False,5.209003575146198e-06,1.0,False,semreuse+proxy,20ng-sub7951,7951,0
112,leaf:Middle East affairs#t2,The passage is related to Middle East affairs.,rewrite,3092,1951,741,0,156,1.0,1.0,1.0,400,0.9260204081632653,False,0.9075,False,0.4849429589812644,1.0,False,semreuse+proxy,20ng-sub7951,7951,0
113,union:Macintosh hardware|motorcycles#u1,This text discusses either Macintosh hardware or motorcycles.,rewrite,7587,276,551,6360,158,1.0,1.0,1.0,800,1.0,False,0.95375,False,0.5356339999998454,1.0,False,semreuse+proxy,20ng-sub7951,7951,0
114,union:political debate|religious debate#u0,The document is about political debate or about religious debate.,rewrite,7593,5238,126,1829,160,1.0,1.0,1.0,751,1.0,False,0.9507323568575233,False,0.5444719170045573,1.0,False,semreuse+proxy,20ng-sub7951,7951,0
115,leaf:gun control#t3,This article covers the topic of gun control.,rewrite,7951,191,893,6467,162,1.0,1.0,1.0,400,1.0,False,1.0,False,0.6527573330095038,1.0,False,semreuse+proxy,20ng-sub7951,7951,0
116,leaf:medicine#t2,The passage is related to medicine.,rewrite,2176,800,976,0,164,1.0,1.0,1.0,400,0.9260204081632653,False,0.9075,False,0.8074551669997163,1.0,False,semreuse+proxy,20ng-sub7951,7951,0
117,group:politics#t1,This text discusses politics.,exact-hit,0,0,0,0,0,1.0,1.0,1.0,1200,1.0,False,1.0,False,8.25000461190939e-06,1.0,False,semreuse+proxy,20ng-sub7951,7951,0
118,group:science#t2,The passage is related to science.,exact-hit,0,0,0,0,0,1.0,1.0,1.0,1600,0.9204328453214513,False,0.90375,False,4.1660096030682325e-06,1.0,False,semreuse+proxy,20ng-sub7951,7951,0
119,group:religion#t0,The document is about religion.,exact-hit,0,0,0,0,0,1.0,1.0,1.0,1151,1.0,False,1.0,False,3.541994374245405e-06,1.0,False,semreuse+proxy,20ng-sub7951,7951,0
0,group:motor vehicles#t0,The document is about motor vehicles.,cold,7951,650,478,6423,0,1.0,1.0,1.0,800,1.0,False,1.0,False,0.004770833998918533,1.0,False,semreuse-gt+proxy,20ng-sub7951,7951,0
1,group:religion#t3,This article covers the topic of religion.,rewrite,7197,958,334,5505,0,1.0,1.0,1.0,1151,0.9457682826622843,False,1.0,False,0.006052166980225593,1.0,False,semreuse-gt+proxy,20ng-sub7951,7951,0
2,leaf:religious debate#t0,The document is about religious debate.,rewrite,7951,459,1069,6023,0,1.0,1.0,1.0,351,1.0,False,1.0,False,0.00454554200405255,1.0,False,semreuse-gt+proxy,20ng-sub7951,7951,0
3,group:politics#t1,This text discusses politics.,rewrite,6113,882,396,4435,0,1.0,1.0,1.0,1200,0.9411764705882353,False,1.0,False,0.0059882499917875975,1.0,False,semreuse-gt+proxy,20ng-sub7951,7951,0
4,union:gun control|medicine#u0,The document is about gun control or about medicine.,rewrite,6156,820,565,4371,0,1.0,1.0,1.0,800,0.936768149882904,False,1.0,False,0.0074027919908985496,1.0,False,semreuse-gt+proxy,20ng-sub7951,7951,0
5,group:motor vehicles#t0,The document is about motor vehicles.,exact-hit,0,0,0,0,0,1.0,1.0,1.0,800,1.0,False,1.0,False,2.3833010345697403e-05,1.0,False,semreuse-gt+proxy,20ng-sub7951,7951,0
6,group:politics#t1,This text discusses politics.,exact-hit,0,0,0,0,0,1.0,1.0,1.0,1200,0.9411764705882353,False,1.0,False,1.400001929141581e-05,1.0,False,semreuse-gt+proxy,20ng-sub7951,7951,0
7,group:religion#t0,The document is about religion.,rewrite,404,0,404,0,0,1.0,1.0,1.0,1151,0.9204946996466431,False,0.9052997393570807,False,0.007638750015757978,1.0,False,semreuse-gt+proxy,20ng-sub7951,7951,0
8,leaf:political debate#t1,This text discusses political debate.,rewrite,7951,194,953,6404,0,1.0,1.0,1.0,400,1.0,False,1.0,False,0.005200750019866973,1.0,False,semreuse-gt+proxy,20ng-sub7951,7951,0
9,group:sports#t1,This text discusses sports.,rewrite,4660,659,520,3081,0,1.0,1.0,1.0,800,0.9259259259259259,False,1.0,False,0.010367415990913287,1.0,False,semreuse-gt+proxy,20ng-sub7951,7951,0
10,group:science#t1,This text discusses science.,rewrite,4157,1364,247,2146,0,1.0,1.0,1.0,1600,0.9307737056428156,False,1.0,False,0.01893870800267905,1.0,False,semreuse-gt+proxy,20ng-sub7951,7951,0
11,leaf:hockey#t1,This text discusses hockey.,rewrite,7951,195,879,6477,0,1.0,1.0,1.0,400,1.0,False,1.0,False,0.008907209004973993,1.0,False,semreuse-gt+proxy,20ng-sub7951,7951,0
12,leaf:religious debate#t2,The passage is related to religious debate.,rewrite,1317,0,1317,0,0,1.0,1.0,1.0,351,0.9273255813953488,False,0.9088319088319088,False,0.0021517910063266754,1.0,False,semreuse-gt+proxy,20ng-sub7951,7951,0
13,leaf:political debate#t0,The document is about political debate.,rewrite,1060,0,1060,0,0,1.0,1.0,1.0,400,0.9236641221374046,False,0.9075,False,0.0020214169926475734,1.0,False,semreuse-gt+proxy,20ng-sub7951,7951,0
14,leaf:items for sale#t3,This article covers the topic of items for sale.,rewrite,4466,344,1401,2321,0,1.0,1.0,1.0,400,0.9456264775413712,False,1.0,False,0.006355333985993639,1.0,False,semreuse-gt+proxy,20ng-sub7951,7951,0
15,leaf:Christianity#t3,This article covers the topic of Christianity.,rewrite,7951,228,977,6346,0,1.0,1.0,1.0,400,1.0,False,1.0,False,0.0052903750038240105,1.0,False,semreuse-gt+proxy,20ng-sub7951,7951,0
16,union:electronics|hockey#u0,The document is about electronics or about hockey.,rewrite,4057,267,800,2590,0,1.0,1.0,1.0,800,0.9373464373464373,False,0.95375,False,0.006940833001863211,1.0,False,semreuse-gt+proxy,20ng-sub7951,7951,0
17,group:science#t2,The passage is related to science.,rewrite,251,0,251,0,0,1.0,1.0,1.0,1600,0.9204328453214513,False,0.90375,False,0.0024954580003395677,1.0,False,semreuse-gt+proxy,20ng-sub7951,7951,0
18,group:computers#t1,This text discusses computers.,rewrite,4506,1874,177,2055,0,1.0,1.0,1.0,2000,0.9229349330872173,False,1.0,False,0.006911000004038215,1.0,False,semreuse-gt+proxy,20ng-sub7951,7951,0
19,union:Macintosh hardware|items for sale#u1,This text discusses either Macintosh hardware or items for sale.,rewrite,3658,482,708,2068,0,1.0,1.0,1.0,800,0.9304878048780488,False,0.95375,False,0.00674912499380298,1.0,False,semreuse-gt+proxy,20ng-sub7951,7951,0
20,group:motor vehicles#t3,This article covers the topic of motor vehicles.,rewrite,521,0,521,0,0,1.0,1.0,1.0,800,0.9211195928753181,False,0.905,False,0.002420542004983872,1.0,False,semreuse-gt+proxy,20ng-sub7951,7951,0
21,group:sports#t3,This article covers the topic of sports.,rewrite,568,0,568,0,0,1.0,1.0,1.0,800,0.9213197969543148,False,0.9075,False,0.0025706250162329525,1.0,False,semreuse-gt+proxy,20ng-sub7951,7951,0
22,group:motor vehicles#t3,This article covers the topic of motor vehicles.,exact-hit,0,0,0,0,0,1.0,1.0,1.0,800,0.9211195928753181,False,0.905,False,7.374997949227691e-06,1.0,False,semreuse-gt+proxy,20ng-sub7951,7951,0
23,group:motor vehicles#t3,This article covers the topic of motor vehicles.,exact-hit,0,0,0,0,0,1.0,1.0,1.0,800,0.9211195928753181,False,0.905,False,2.6249908842146397e-06,1.0,False,semreuse-gt+proxy,20ng-sub7951,7951,0
24,union:PC hardware|cryptography#u0,The document is about PC hardware or about cryptography.,rewrite,4329,893,591,2445,0,1.0,1.0,1.0,800,0.9313154831199069,False,1.0,False,0.005952208011876792,1.0,False,semreuse-gt+proxy,20ng-sub7951,7951,0
25,leaf:political debate#t1,This text discusses political debate.,exact-hit,0,0,0,0,0,1.0,1.0,1.0,400,1.0,False,1.0,False,1.4374993043020368e-05,1.0,False,semreuse-gt+proxy,20ng-sub7951,7951,0
26,union:Macintosh hardware|space exploration#u1,This text discusses either Macintosh hardware or space exploration.,rewrite,4816,660,786,2970,0,1.0,1.0,1.0,800,0.9512485136741974,False,1.0,False,0.0059693749935831875,1.0,False,semreuse-gt+proxy,20ng-sub7951,7951,0
27,leaf:baseball#t2,The passage is related to baseball.,rewrite,1268,0,868,0,0,1.0,1.0,1.0,400,0.9237875288683602,False,1.0,False,0.001990708988159895,1.0,False,semreuse-gt+proxy,20ng-sub7951,7951,0
28,group:computers#t0,The document is about computers.,rewrite,197,0,197,0,0,1.0,1.0,1.0,2000,0.920061099796334,False,0.9035,False,0.0027987089997623116,1.0,False,semreuse-gt+proxy,20ng-sub7951,7951,0
29,leaf:baseball#t3,This article covers the topic of baseball.,rewrite,1060,0,1060,0,0,1.0,1.0,1.0,400,0.9236641221374046,False,0.9075,False,0.002258792024804279,1.0,False,semreuse-gt+proxy,20ng-sub7951,7951,0
30,leaf:electronics#t0,The document is about electronics.,rewrite,1268,0,868,0,0,1.0,1.0,1.0,400,0.9237875288683602,False,1.0,False,0.02310158300679177,1.0,False,semreuse-gt+proxy,20ng-sub7951,7951,0
31,union:PC hardware|items for sale#u1,This text discusses either PC hardware or items for sale.,rewrite,4426,360,805,2861,0,1.0,1.0,1.0,800,0.9384993849938499,False,0.95375,False,0.011068124993471429,1.0,False,semreuse-gt+proxy,20ng-sub7951,7951,0
32,union:computer graphics|motorcycles#u0,The document is about computer graphics or about motorcycles.,rewrite,4357,1082,583,2292,0,1.0,1.0,1.0,800,0.936768149882904,False,1.0,False,0.0075768329843413085,1.0,False,semreuse-gt+proxy,20ng-sub7951,7951,0
33,union:Macintosh hardware|electronics#u0,The document is about Macintosh hardware or about electronics.,rewrite,4047,324,729,2594,0,1.0,1.0,1.0,800,0.9350490196078431,False,0.95375,False,0.006854084000224248,1.0,False,semreuse-gt+proxy,20ng-sub7951,7951,0
34,group:computers#t1,This text discusses computers.,exact-hit,0,0,0,0,0,1.0,1.0,1.0,2000,0.9229349330872173,False,1.0,False,1.18750031106174e-05,1.0,False,semreuse-gt+proxy,20ng-sub7951,7951,0
35,group:religion#t1,This text discusses religion.,rewrite,404,0,404,0,0,1.0,1.0,1.0,1151,0.9204946996466431,False,0.9052997393570807,False,0.0031290409970097244,1.0,False,semreuse-gt+proxy,20ng-sub7951,7951,0
36,group:computers#t0,The document is about computers.,exact-hit,0,0,0,0,0,1.0,1.0,1.0,2000,0.920061099796334,False,0.9035,False,1.6833015251904726e-05,1.0,False,semreuse-gt+proxy,20ng-sub7951,7951,0
37,union:Middle East affairs|items for sale#u1,This text discusses either Middle East affairs or items for sale.,rewrite,4012,285,699,2628,0,1.0,1.0,1.0,800,0.9293544457978076,False,0.95375,False,0.0075349159887991846,1.0,False,semreuse-gt+proxy,20ng-sub7951,7951,0
38,leaf:the Microsoft Windows operating system#t1,This text discusses the Microsoft Windows operating system.,rewrite,6865,323,1002,5140,0,1.0,0.935,0.9664082687338501,400,0.9055690072639225,False,1.0,False,0.00578108400804922,0.935,False,semreuse-gt+proxy,20ng-sub7951,7951,0
39,group:sports#t2,The passage is related to sports.,rewrite,568,0,568,0,0,1.0,1.0,1.0,800,0.9213197969543148,False,0.9075,False,0.0030057090043555945,1.0,False,semreuse-gt+proxy,20ng-sub7951,7951,0
40,leaf:motorcycles#t0,The document is about motorcycles.,rewrite,1268,0,868,0,0,1.0,1.0,1.0,400,0.9237875288683602,False,1.0,False,0.002384082996286452,1.0,False,semreuse-gt+proxy,20ng-sub7951,7951,0
41,group:motor vehicles#t0,The document is about motor vehicles.,exact-hit,0,0,0,0,0,1.0,1.0,1.0,800,1.0,False,1.0,False,1.1625001206994057e-05,1.0,False,semreuse-gt+proxy,20ng-sub7951,7951,0
42,union:Christianity|political debate#u1,This text discusses either Christianity or political debate.,rewrite,4363,3600,363,0,0,1.0,1.0,1.0,800,0.9224904701397713,False,0.9075,False,0.003209540998796001,1.0,False,semreuse-gt+proxy,20ng-sub7951,7951,0
43,group:motor vehicles#t2,The passage is related to motor vehicles.,rewrite,521,0,521,0,0,1.0,1.0,1.0,800,0.9211195928753181,False,0.905,False,0.002098416007356718,1.0,False,semreuse-gt+proxy,20ng-sub7951,7951,0
44,leaf:motorcycles#t2,The passage is related to motorcycles.,rewrite,1154,0,1154,0,0,1.0,1.0,1.0,400,0.9260204081632653,False,0.9075,False,0.0023461249948013574,1.0,False,semreuse-gt+proxy,20ng-sub7951,7951,0
45,group:motor vehicles#t1,This text discusses motor vehicles.,rewrite,521,0,521,0,0,1.0,1.0,1.0,800,0.9211195928753181,False,0.905,False,0.0024196669983211905,1.0,False,semreuse-gt+proxy,20ng-sub7951,7951,0
46,group:religion#t0,The document is about religion.,exact-hit,0,0,0,0,0,1.0,1.0,1.0,1151,0.9204946996466431,False,0.9052997393570807,False,1.300001167692244e-05,1.0,False,semreuse-gt+proxy,20ng-sub7951,7951,0
47,group:sports#t3,This article covers the topic of sports.,exact-hit,0,0,0,0,0,1.0,1.0,1.0,800,0.9213197969543148,False,0.9075,False,4.749977961182594e-06,1.0,False,semreuse-gt+proxy,20ng-sub7951,7951,0
48,union:Macintosh hardware|cars#u1,This text discusses either Macintosh hardware or cars.,rewrite,5117,761,695,3261,0,1.0,1.0,1.0,800,0.9445100354191264,False,1.0,False,0.006711709022056311,1.0,False,semreuse-gt+proxy,20ng-sub7951,7951,0
49,leaf:computer graphics#t1,This text discusses computer graphics.,rewrite,1268,0,868,0,0,1.0,1.0,1.0,400,0.9237875288683602,False,1.0,False,0.0021872920042369515,1.0,False,semreuse-gt+proxy,20ng-sub7951,7951,0
50,union:atheism|hockey#u1,This text discusses either atheism or hockey.,rewrite,4756,499,692,3165,0,1.0,1.0,1.0,800,0.9350490196078431,False,0.95375,False,0.006901625019963831,1.0,False,semreuse-gt+proxy,20ng-sub7951,7951,0
51,leaf:items for sale#t0,The document is about items for sale.,rewrite,1154,0,1154,0,0,1.0,1.0,1.0,400,0.9260204081632653,False,0.9075,False,0.0021075000113341957,1.0,False,semreuse-gt+proxy,20ng-sub7951,7951,0
52,leaf:baseball#t0,The document is about baseball.,rewrite,1154,0,1154,0,0,1.0,1.0,1.0,400,0.9260204081632653,False,0.9075,False,0.0019879589963238686,1.0,False,semreuse-gt+proxy,20ng-sub7951,7951,0
53,union:hockey|motorcycles#u0,The document is about hockey or about motorcycles.,rewrite,4357,3600,357,0,0,1.0,1.0,1.0,800,0.9224904701397713,False,0.9075,False,0.03233962497324683,1.0,False,semreuse-gt+proxy,20ng-sub7951,7951,0
54,group:politics#t0,The document is about politics.,rewrite,389,0,389,0,0,1.0,1.0,1.0,1200,0.9203389830508475,False,0.905,False,0.002751124993665144,1.0,False,semreuse-gt+proxy,20ng-sub7951,7951,0
55,group:motor vehicles#t1,This text discusses motor vehicles.,exact-hit,0,0,0,0,0,1.0,1.0,1.0,800,0.9211195928753181,False,0.905,False,8.37500556372106e-06,1.0,False,semreuse-gt+proxy,20ng-sub7951,7951,0
56,leaf:atheism#t3,This article covers the topic of atheism.,rewrite,1268,0,868,0,0,1.0,1.0,1.0,400,0.9237875288683602,False,1.0,False,0.02955874998588115,1.0,False,semreuse-gt+proxy,20ng-sub7951,7951,0
57,union:atheism|gun control#u1,This text discusses either atheism or gun control.,rewrite,4390,366,702,2922,0,1.0,1.0,1.0,800,0.9316239316239316,False,0.95375,False,0.006727083993609995,1.0,False,semreuse-gt+proxy,20ng-sub7951,7951,0
58,leaf:cars#t2,The passage is related to cars.,rewrite,1268,0,868,0,0,1.0,1.0,1.0,400,0.9237875288683602,False,1.0,False,0.0024397910165134817,1.0,False,semreuse-gt+proxy,20ng-sub7951,7951,0
59,group:sports#t2,The passage is related to sports.,exact-hit,0,0,0,0,0,1.0,1.0,1.0,800,0.9213197969543148,False,0.9075,False,9.167008101940155e-06,1.0,False,semreuse-gt+proxy,20ng-sub7951,7951,0
60,group:motor vehicles#t2,The passage is related to motor vehicles.,exact-hit,0,0,0,0,0,1.0,1.0,1.0,800,0.9211195928753181,False,0.905,False,4.250003257766366e-06,1.0,False,semreuse-gt+proxy,20ng-sub7951,7951,0
61,group:computers#t0,The document is about computers.,exact-hit,0,0,0,0,0,1.0,1.0,1.0,2000,0.920061099796334,False,0.9035,False,3.875000402331352e-06,1.0,False,semreuse-gt+proxy,20ng-sub7951,7951,0
62,union:medicine|the Microsoft Windows operating system#u0,The document is about medicine or about the Microsoft Windows operating system.,rewrite,4393,313,713,2967,0,1.0,1.0,1.0,800,0.927360774818402,False,0.9575,False,0.0068676249939017,1.0,False,semreuse-gt+proxy,20ng-sub7951,7951,0
63,union:baseball|items for sale#u0,The document is about baseball or about items for sale.,rewrite,3999,3200,399,0,0,1.0,1.0,1.0,800,0.9224904701397713,False,0.9075,False,0.0033718750055413693,1.0,False,semreuse-gt+proxy,20ng-sub7951,7951,0
64,union:atheism|medicine#u1,This text discusses either atheism or medicine.,rewrite,4053,238,770,2645,0,1.0,1.0,1.0,800,0.9350490196078431,False,0.95375,False,0.006484624987933785,1.0,False,semreuse-gt+proxy,20ng-sub7951,7951,0
65,union:hockey|the X Window System#u1,This text discusses either hockey or the X Window System.,rewrite,4751,255,734,3362,0,1.0,1.0,1.0,800,0.9339045287637698,False,0.95375,False,0.007598041003802791,1.0,False,semreuse-gt+proxy,20ng-sub7951,7951,0
66,leaf:cryptography#t0,The document is about cryptography.,rewrite,1268,0,868,0,0,1.0,1.0,1.0,400,0.9237875288683602,False,1.0,False,0.034851000003982335,1.0,False,semreuse-gt+proxy,20ng-sub7951,7951,0
67,leaf:motorcycles#t3,This article covers the topic of motorcycles.,rewrite,1154,0,1154,0,0,1.0,1.0,1.0,400,0.9260204081632653,False,0.9075,False,0.002222166018327698,1.0,False,semreuse-gt+proxy,20ng-sub7951,7951,0
68,leaf:hockey#t1,This text discusses hockey.,exact-hit,0,0,0,0,0,1.0,1.0,1.0,400,1.0,False,1.0,False,8.749979315325618e-06,1.0,False,semreuse-gt+proxy,20ng-sub7951,7951,0
69,leaf:baseball#t2,The passage is related to baseball.,exact-hit,0,0,0,0,0,1.0,1.0,1.0,400,0.9237875288683602,False,1.0,False,4.208006430417299e-06,1.0,False,semreuse-gt+proxy,20ng-sub7951,7951,0
70,group:motor vehicles#t0,The document is about motor vehicles.,exact-hit,0,0,0,0,0,1.0,1.0,1.0,800,1.0,False,1.0,False,3.4580007195472717e-06,1.0,False,semreuse-gt+proxy,20ng-sub7951,7951,0
71,leaf:the Microsoft Windows operating system#t2,The passage is related to the Microsoft Windows operating system.,rewrite,7613,0,1234,6379,0,1.0,1.0,1.0,400,1.0,False,0.915,False,0.0017625420005060732,1.0,False,semreuse-gt+proxy,20ng-sub7951,7951,0
72,leaf:motorcycles#t2,The passage is related to motorcycles.,exact-hit,0,0,0,0,0,1.0,1.0,1.0,400,0.9260204081632653,False,0.9075,False,7.4169947765767574e-06,1.0,False,semreuse-gt+proxy,20ng-sub7951,7951,0
73,group:sports#t2,The passage is related to sports.,exact-hit,0,0,0,0,0,1.0,1.0,1.0,800,0.9213197969543148,False,0.9075,False,3.2079988159239292e-06,1.0,False,semreuse-gt+proxy,20ng-sub7951,7951,0
74,union:Macintosh hardware|electronics#u1,This text discusses either Macintosh hardware or electronics.,rewrite,521,0,521,0,0,1.0,1.0,1.0,800,0.9211195928753181,False,0.905,False,0.0024241249775514007,1.0,False,semreuse-gt+proxy,20ng-sub7951,7951,0
75,leaf:Christianity#t3,This article covers the topic of Christianity.,exact-hit,0,0,0,0,0,1.0,1.0,1.0,400,1.0,False,1.0,False,1.3125012628734112e-05,1.0,False,semreuse-gt+proxy,20ng-sub7951,7951,0
76,group:sports#t2,The passage is related to sports.,exact-hit,0,0,0,0,0,1.0,1.0,1.0,800,0.9213197969543148,False,0.9075,False,6.500020390376449e-06,1.0,False,semreuse-gt+proxy,20ng-sub7951,7951,0
77,leaf:religious debate#t3,This article covers the topic of religious debate.,rewrite,1209,0,1209,0,0,1.0,1.0,1.0,351,0.9246376811594202,False,0.9088319088319088,False,0.0023234999971464276,1.0,False,semreuse-gt+proxy,20ng-sub7951,7951,0
78,union:atheism|baseball#u1,This text discusses either atheism or baseball.,rewrite,3999,3200,399,0,0,1.0,1.0,1.0,800,0.9224904701397713,False,0.9075,False,0.003000417025759816,1.0,False,semreuse-gt+proxy,20ng-sub7951,7951,0
79,leaf:items for sale#t2,The passage is related to items for sale.,rewrite,1154,0,1154,0,0,1.0,1.0,1.0,400,0.9260204081632653,False,0.9075,False,0.0025007920048665255,1.0,False,semreuse-gt+proxy,20ng-sub7951,7951,0
80,union:Macintosh hardware|religious debate#u0,The document is about Macintosh hardware or about religious debate.,rewrite,4833,260,868,3305,0,1.0,1.0,1.0,751,0.9435695538057742,False,0.9573901464713716,False,0.006576082989340648,1.0,False,semreuse-gt+proxy,20ng-sub7951,7951,0
81,group:motor vehicles#t1,This text discusses motor vehicles.,exact-hit,0,0,0,0,0,1.0,1.0,1.0,800,0.9211195928753181,False,0.905,False,1.6874982975423336e-05,1.0,False,semreuse-gt+proxy,20ng-sub7951,7951,0
82,leaf:cars#t0,The document is about cars.,rewrite,1154,0,1154,0,0,1.0,1.0,1.0,400,0.9260204081632653,False,0.9075,False,0.002492917003110051,1.0,False,semreuse-gt+proxy,20ng-sub7951,7951,0
83,leaf:PC hardware#t0,The document is about PC hardware.,rewrite,1268,0,868,0,0,1.0,1.0,1.0,400,0.9237875288683602,False,1.0,False,0.042993833019863814,1.0,False,semreuse-gt+proxy,20ng-sub7951,7951,0
84,group:religion#t2,The passage is related to religion.,rewrite,404,0,404,0,0,1.0,1.0,1.0,1151,0.9204946996466431,False,0.9052997393570807,False,0.002922041021520272,1.0,False,semreuse-gt+proxy,20ng-sub7951,7951,0
85,union:Christianity|hockey#u0,The document is about Christianity or about hockey.,rewrite,3635,2800,435,0,0,1.0,1.0,1.0,800,0.9224904701397713,False,0.9075,False,0.026896624971413985,1.0,False,semreuse-gt+proxy,20ng-sub7951,7951,0
86,group:religion#t0,The document is about religion.,exact-hit,0,0,0,0,0,1.0,1.0,1.0,1151,0.9204946996466431,False,0.9052997393570807,False,9.874987881630659e-06,1.0,False,semreuse-gt+proxy,20ng-sub7951,7951,0
87,union:atheism|computer graphics#u1,This text discusses either atheism or computer graphics.,rewrite,4363,3600,363,0,0,1.0,1.0,1.0,800,0.9224904701397713,False,0.9075,False,0.002757499983999878,1.0,False,semreuse-gt+proxy,20ng-sub7951,7951,0
88,union:motorcycles|political debate#u1,This text discusses either motorcycles or political debate.,rewrite,4363,3600,363,0,0,1.0,1.0,1.0,800,0.9224904701397713,False,0.9075,False,0.0027001250127796084,1.0,False,semreuse-gt+proxy,20ng-sub7951,7951,0
89,group:motor vehicles#t0,The document is about motor vehicles.,exact-hit,0,0,0,0,0,1.0,1.0,1.0,800,1.0,False,1.0,False,1.0040996130555868e-05,1.0,False,semreuse-gt+proxy,20ng-sub7951,7951,0
90,union:PC hardware|political debate#u0,The document is about PC hardware or about political debate.,rewrite,4722,4000,322,0,0,1.0,1.0,1.0,800,0.9224904701397713,False,0.9075,False,0.03382358298404142,1.0,False,semreuse-gt+proxy,20ng-sub7951,7951,0
91,leaf:Macintosh hardware#t0,The document is about Macintosh hardware.,rewrite,1268,0,868,0,0,1.0,1.0,1.0,400,0.9237875288683602,False,1.0,False,0.0021610419789794832,1.0,False,semreuse-gt+proxy,20ng-sub7951,7951,0
92,leaf:items for sale#t1,This text discusses items for sale.,rewrite,1154,0,1154,0,0,1.0,1.0,1.0,400,0.9260204081632653,False,0.9075,False,0.0021809579920955002,1.0,False,semreuse-gt+proxy,20ng-sub7951,7951,0
93,leaf:the Microsoft Windows operating system#t0,The document is about the Microsoft Windows operating system.,rewrite,1077,0,1051,0,0,1.0,1.0,1.0,400,0.9242424242424242,False,0.915,False,0.002345750021049753,1.0,False,semreuse-gt+proxy,20ng-sub7951,7951,0
94,leaf:the Microsoft Windows operating system#t1,This text discusses the Microsoft Windows operating system.,exact-hit,0,0,0,0,0,1.0,0.935,0.9664082687338501,400,0.9055690072639225,False,1.0,False,9.583978680893779e-06,0.935,False,semreuse-gt+proxy,20ng-sub7951,7951,0
95,group:computers#t3,This article covers the topic of computers.,rewrite,414,0,414,0,0,1.0,1.0,1.0,2000,0.9196563921172309,False,0.91,False,0.004849791992455721,1.0,False,semreuse-gt+proxy,20ng-sub7951,7951,0
96,leaf:PC hardware#t1,This text discusses PC hardware.,rewrite,1154,0,1154,0,0,1.0,1.0,1.0,400,0.9260204081632653,False,0.9075,False,0.0022813329997006804,1.0,False,semreuse-gt+proxy,20ng-sub7951,7951,0
97,leaf:cars#t2,The passage is related to cars.,exact-hit,0,0,0,0,0,1.0,1.0,1.0,400,0.9237875288683602,False,1.0,False,9.542010957375169e-06,1.0,False,semreuse-gt+proxy,20ng-sub7951,7951,0
98,union:Christianity|items for sale#u0,The document is about Christianity or about items for sale.,rewrite,3999,3200,399,0,0,1.0,1.0,1.0,800,0.9224904701397713,False,0.9075,False,0.002920208004070446,1.0,False,semreuse-gt+proxy,20ng-sub7951,7951,0
99,group:politics#t2,The passage is related to politics.,rewrite,389,0,389,0,0,1.0,1.0,1.0,1200,0.9203389830508475,False,0.905,False,0.002980457997182384,1.0,False,semreuse-gt+proxy,20ng-sub7951,7951,0
100,leaf:gun control#t2,The passage is related to gun control.,rewrite,1268,0,868,0,0,1.0,1.0,1.0,400,0.9237875288683602,False,1.0,False,0.029834666987881064,1.0,False,semreuse-gt+proxy,20ng-sub7951,7951,0
101,union:Middle East affairs|items for sale#u1,This text discusses either Middle East affairs or items for sale.,exact-hit,0,0,0,0,0,1.0,1.0,1.0,800,0.9293544457978076,False,0.95375,False,1.1333002476021647e-05,1.0,False,semreuse-gt+proxy,20ng-sub7951,7951,0
102,leaf:computer graphics#t3,This article covers the topic of computer graphics.,rewrite,1060,0,1060,0,0,1.0,1.0,1.0,400,0.9236641221374046,False,0.9075,False,0.002510624995920807,1.0,False,semreuse-gt+proxy,20ng-sub7951,7951,0
103,leaf:religious debate#t3,This article covers the topic of religious debate.,exact-hit,0,0,0,0,0,1.0,1.0,1.0,351,0.9246376811594202,False,0.9088319088319088,False,1.200000406242907e-05,1.0,False,semreuse-gt+proxy,20ng-sub7951,7951,0
104,leaf:atheism#t3,This article covers the topic of atheism.,exact-hit,0,0,0,0,0,1.0,1.0,1.0,400,0.9237875288683602,False,1.0,False,4.999979864805937e-06,1.0,False,semreuse-gt+proxy,20ng-sub7951,7951,0
105,group:religion#t1,This text discusses religion.,exact-hit,0,0,0,0,0,1.0,1.0,1.0,1151,0.9204946996466431,False,0.9052997393570807,False,5.04200579598546e-06,1.0,False,semreuse-gt+proxy,20ng-sub7951,7951,0
106,union:hockey|items for sale#u0,The document is about hockey or about items for sale.,rewrite,3635,2800,435,0,0,1.0,1.0,1.0,800,0.9224904701397713,False,0.9075,False,0.0030713339801877737,1.0,False,semreuse-gt+proxy,20ng-sub7951,7951,0
107,group:motor vehicles#t0,The document is about motor vehicles.,exact-hit,0,0,0,0,0,1.0,1.0,1.0,800,1.0,False,1.0,False,1.9333005184307694e-05,1.0,False,semreuse-gt+proxy,20ng-sub7951,7951,0
108,union:space exploration|the Microsoft Windows operating system#u1,This text discusses either space exploration or the Microsoft Windows operating system.,rewrite,5130,384,701,3645,0,1.0,1.0,1.0,800,0.9384993849938499,False,0.95375,False,0.006527416000608355,1.0,False,semreuse-gt+proxy,20ng-sub7951,7951,0
109,group:sports#t2,The passage is related to sports.,exact-hit,0,0,0,0,0,1.0,1.0,1.0,800,0.9213197969543148,False,0.9075,False,1.3040989870205522e-05,1.0,False,semreuse-gt+proxy,20ng-sub7951,7951,0
110,group:sports#t1,This text discusses sports.,exact-hit,0,0,0,0,0,1.0,1.0,1.0,800,0.9259259259259259,False,1.0,False,3.8330035749822855e-06,1.0,False,semreuse-gt+proxy,20ng-sub7951,7951,0
111,leaf:atheism#t3,This article covers the topic of atheism.,exact-hit,0,0,0,0,0,1.0,1.0,1.0,400,0.9237875288683602,False,1.0,False,4.332978278398514e-06,1.0,False,semreuse-gt+proxy,20ng-sub7951,7951,0
112,leaf:Middle East affairs#t2,The passage is related to Middle East affairs.,rewrite,1268,0,868,0,0,1.0,1.0,1.0,400,0.9237875288683602,False,1.0,False,0.002287083014380187,1.0,False,semreuse-gt+proxy,20ng-sub7951,7951,0
113,union:Macintosh hardware|motorcycles#u1,This text discusses either Macintosh hardware or motorcycles.,rewrite,4722,4000,322,0,0,1.0,1.0,1.0,800,0.9224904701397713,False,0.9075,False,0.03407170801074244,1.0,False,semreuse-gt+proxy,20ng-sub7951,7951,0
114,union:political debate|religious debate#u0,The document is about political debate or about religious debate.,rewrite,4742,4000,342,0,0,1.0,1.0,1.0,751,0.9228687415426252,False,0.9081225033288948,False,0.012200041994219646,1.0,False,semreuse-gt+proxy,20ng-sub7951,7951,0
115,leaf:gun control#t3,This article covers the topic of gun control.,rewrite,1154,0,1154,0,0,1.0,1.0,1.0,400,0.9260204081632653,False,0.9075,False,0.0022684159921482205,1.0,False,semreuse-gt+proxy,20ng-sub7951,7951,0
116,leaf:medicine#t2,The passage is related to medicine.,rewrite,1268,0,868,0,0,1.0,1.0,1.0,400,0.9237875288683602,False,1.0,False,0.002067584020551294,1.0,False,semreuse-gt+proxy,20ng-sub7951,7951,0
117,group:politics#t1,This text discusses politics.,exact-hit,0,0,0,0,0,1.0,1.0,1.0,1200,0.9411764705882353,False,1.0,False,4.012498538941145e-05,1.0,False,semreuse-gt+proxy,20ng-sub7951,7951,0
118,group:science#t2,The passage is related to science.,exact-hit,0,0,0,0,0,1.0,1.0,1.0,1600,0.9204328453214513,False,0.90375,False,9.292009053751826e-06,1.0,False,semreuse-gt+proxy,20ng-sub7951,7951,0
119,group:religion#t0,The document is about religion.,exact-hit,0,0,0,0,0,1.0,1.0,1.0,1151,0.9204946996466431,False,0.9052997393570807,False,4.417001036927104e-06,1.0,False,semreuse-gt+proxy,20ng-sub7951,7951,0
