n_queries,total_oracle_calls,mean_calls_per_query,total_nli_scores,macro_precision,macro_recall,macro_f1,n_bounded,bound_violations,bound_violations_oracle,macro_recall_oracle,mean_recall_bound,n_precision_bounded,precision_bound_violations,mean_precision_bound,total_latency_s,method,corpus,n_rows,overlap,target_recall,seed,wall_s,pilot,min_kept_recall,proxy_row_scores,proxy_doc_embeddings
120,684770,5706.416666666667,0,1.0,0.9829223363771379,0.9913173142101345,98,0,0,0.9829223363771379,0.9305991442134575,98,0,1.0,0.6159732828964479,proxy,20ng-sub7951,7951,0.8,0.9,0,0.65,200,0.6,659933,7951
120,683598,5696.65,0,1.0,0.9836307293523838,0.9916748161504313,90,1,1,0.9836307293523838,0.931571256812131,90,0,1.0,0.63345270807622,proxy,20ng-sub7951,7951,0.8,0.9,0,0.67,200,0.7,659933,7951
120,729695,6080.791666666667,0,1.0,0.9853534597663259,0.9925551429698432,84,0,0,0.9853534597663259,0.9353564135512477,84,0,1.0,0.5731355310999788,proxy,20ng-sub7951,7951,0.8,0.9,0,0.61,200,0.8,659933,7951
120,762714,6355.95,0,1.0,0.9885387270389802,0.994178131062665,66,0,0,0.9885387270389802,0.9292658772529718,66,0,1.0,0.5550196630647406,proxy,20ng-sub7951,7951,0.8,0.9,0,0.59,200,0.9,659933,7951
120,589705,4914.208333333333,0,1.0,0.9822026730966927,0.9909715368513178,117,0,0,0.9822026730966927,0.9276587494122057,117,0,1.0,0.6591819120803848,proxy,20ng-sub7951,7951,0.8,0.9,0,0.69,400,0.6,659933,7951
120,606426,5053.55,0,1.0,0.9824857406062044,0.9911110892612114,113,0,0,0.9824857406062044,0.9277462774674752,113,0,1.0,0.6811222943069879,proxy,20ng-sub7951,7951,0.8,0.9,0,0.71,400,0.7,659933,7951
120,633134,5276.116666666667,0,1.0,0.9846993596150976,0.9922433256594286,105,0,0,0.9846993596150976,0.9279391461951306,105,0,1.0,0.810027541971067,proxy,20ng-sub7951,7951,0.8,0.9,0,0.9,400,0.8,659933,7951
120,750978,6258.15,0,1.0,0.990564398581921,0.9952132372054069,65,1,1,0.990564398581921,0.9288334266325139,65,0,1.0,0.6092949919984676,proxy,20ng-sub7951,7951,0.8,0.9,0,0.65,400,0.9,659933,7951
120,595076,4958.966666666666,0,1.0,0.986466345048296,0.9931515441379055,118,0,0,0.986466345048296,0.9268937285606847,118,0,1.0,0.9384625452803448,proxy,20ng-sub7951,7951,0.8,0.9,0,0.98,800,0.6,659933,7951
120,604328,5036.066666666667,0,1.0,0.9863470070503657,0.9930860285868912,118,0,0,0.9863470070503657,0.9270112828986801,118,0,1.0,0.7787960042478517,proxy,20ng-sub7951,7951,0.8,0.9,0,0.81,800,0.7,659933,7951
120,606492,5054.1,0,1.0,0.9865998098280506,0.9932179830982742,116,0,0,0.9865998098280506,0.9274186186703604,116,0,1.0,0.7032021681370679,proxy,20ng-sub7951,7951,0.8,0.9,0,0.74,800,0.8,659933,7951
120,674589,5621.575,0,1.0,0.9903043453178189,0.995094927478218,92,0,0,0.9903043453178189,0.925266320402973,92,0,1.0,0.6955811649386305,proxy,20ng-sub7951,7951,0.8,0.9,0,0.73,800,0.9,659933,7951
